"","Date","rain_mm","rain_inch","month","month_num","year","season"
"1",2000-01-01,2.531,0.0996456692913386,Jan 2000,1,2000,"JFM"
"2",2000-01-06,3.257,0.128228346456693,Jan 2000,1,2000,"JFM"
"3",2000-01-11,5.434,0.213937007874016,Jan 2000,1,2000,"JFM"
"4",2000-01-16,2.515,0.0990157480314961,Jan 2000,1,2000,"JFM"
"5",2000-01-21,2.33,0.0917322834645669,Jan 2000,1,2000,"JFM"
"6",2000-01-26,5.404,0.212755905511811,Jan 2000,1,2000,"JFM"
"7",2000-02-01,5.006,0.197086614173228,Feb 2000,2,2000,"JFM"
"8",2000-02-06,4.034,0.158818897637795,Feb 2000,2,2000,"JFM"
"9",2000-02-11,4.614,0.181653543307087,Feb 2000,2,2000,"JFM"
"10",2000-02-16,3.739,0.147204724409449,Feb 2000,2,2000,"JFM"
"11",2000-02-21,3.755,0.147834645669291,Feb 2000,2,2000,"JFM"
"12",2000-02-26,2.51,0.0988188976377953,Feb 2000,2,2000,"JFM"
"13",2000-03-01,1.243,0.0489370078740158,Mar 2000,3,2000,"JFM"
"14",2000-03-06,1.105,0.043503937007874,Mar 2000,3,2000,"JFM"
"15",2000-03-11,1.252,0.0492913385826772,Mar 2000,3,2000,"JFM"
"16",2000-03-16,1.177,0.0463385826771654,Mar 2000,3,2000,"JFM"
"17",2000-03-21,4.847,0.190826771653543,Mar 2000,3,2000,"JFM"
"18",2000-03-26,1.302,0.051259842519685,Mar 2000,3,2000,"JFM"
"19",2000-04-01,0.564,0.0222047244094488,Apr 2000,4,2000,"AMJ"
"20",2000-04-06,0.458,0.0180314960629921,Apr 2000,4,2000,"AMJ"
"21",2000-04-11,1.085,0.0427165354330709,Apr 2000,4,2000,"AMJ"
"22",2000-04-16,0.4,0.015748031496063,Apr 2000,4,2000,"AMJ"
"23",2000-04-21,0.761,0.0299606299212598,Apr 2000,4,2000,"AMJ"
"24",2000-04-26,0.792,0.0311811023622047,Apr 2000,4,2000,"AMJ"
"25",2000-05-01,2.19,0.0862204724409449,May 2000,5,2000,"AMJ"
"26",2000-05-06,2.389,0.0940551181102362,May 2000,5,2000,"AMJ"
"27",2000-05-11,8.171,0.321692913385827,May 2000,5,2000,"AMJ"
"28",2000-05-16,0.417,0.0164173228346457,May 2000,5,2000,"AMJ"
"29",2000-05-21,0.806,0.0317322834645669,May 2000,5,2000,"AMJ"
"30",2000-05-26,1.689,0.066496062992126,May 2000,5,2000,"AMJ"
"31",2000-06-01,17.692,0.696535433070866,Jun 2000,6,2000,"AMJ"
"32",2000-06-06,16.723,0.658385826771654,Jun 2000,6,2000,"AMJ"
"33",2000-06-11,8.959,0.352716535433071,Jun 2000,6,2000,"AMJ"
"34",2000-06-16,10.083,0.396968503937008,Jun 2000,6,2000,"AMJ"
"35",2000-06-21,4.17,0.164173228346457,Jun 2000,6,2000,"AMJ"
"36",2000-06-26,16.298,0.641653543307087,Jun 2000,6,2000,"AMJ"
"37",2000-07-01,39.128,1.54047244094488,Jul 2000,7,2000,"JAS"
"38",2000-07-06,20.695,0.814763779527559,Jul 2000,7,2000,"JAS"
"39",2000-07-11,20.797,0.818779527559055,Jul 2000,7,2000,"JAS"
"40",2000-07-16,57.402,2.25992125984252,Jul 2000,7,2000,"JAS"
"41",2000-07-21,26.892,1.05874015748032,Jul 2000,7,2000,"JAS"
"42",2000-07-26,40.204,1.58283464566929,Jul 2000,7,2000,"JAS"
"43",2000-08-01,1.306,0.0514173228346457,Aug 2000,8,2000,"JAS"
"44",2000-08-06,11.308,0.445196850393701,Aug 2000,8,2000,"JAS"
"45",2000-08-11,35.555,1.3998031496063,Aug 2000,8,2000,"JAS"
"46",2000-08-16,28.915,1.13838582677165,Aug 2000,8,2000,"JAS"
"47",2000-08-21,23.606,0.929370078740158,Aug 2000,8,2000,"JAS"
"48",2000-08-26,33.333,1.31232283464567,Aug 2000,8,2000,"JAS"
"49",2000-09-01,8.093,0.318622047244094,Sep 2000,9,2000,"JAS"
"50",2000-09-06,16.338,0.643228346456693,Sep 2000,9,2000,"JAS"
"51",2000-09-11,3.018,0.118818897637795,Sep 2000,9,2000,"JAS"
"52",2000-09-16,4.368,0.171968503937008,Sep 2000,9,2000,"JAS"
"53",2000-09-21,6.148,0.242047244094488,Sep 2000,9,2000,"JAS"
"54",2000-09-26,6.818,0.268425196850394,Sep 2000,9,2000,"JAS"
"55",2000-10-01,1.171,0.0461023622047244,Oct 2000,10,2000,"OND"
"56",2000-10-06,1.203,0.0473622047244095,Oct 2000,10,2000,"OND"
"57",2000-10-11,1.418,0.0558267716535433,Oct 2000,10,2000,"OND"
"58",2000-10-16,1.523,0.0599606299212598,Oct 2000,10,2000,"OND"
"59",2000-10-21,1.586,0.0624409448818898,Oct 2000,10,2000,"OND"
"60",2000-10-26,1.617,0.0636614173228346,Oct 2000,10,2000,"OND"
"61",2000-11-01,0.944,0.0371653543307087,Nov 2000,11,2000,"OND"
"62",2000-11-06,0.561,0.0220866141732283,Nov 2000,11,2000,"OND"
"63",2000-11-11,0.343,0.013503937007874,Nov 2000,11,2000,"OND"
"64",2000-11-16,0.21,0.00826771653543307,Nov 2000,11,2000,"OND"
"65",2000-11-21,0.243,0.00956692913385827,Nov 2000,11,2000,"OND"
"66",2000-11-26,0.425,0.0167322834645669,Nov 2000,11,2000,"OND"
"67",2000-12-01,2.036,0.0801574803149606,Dec 2000,12,2000,"OND"
"68",2000-12-06,2.304,0.0907086614173228,Dec 2000,12,2000,"OND"
"69",2000-12-11,2.352,0.0925984251968504,Dec 2000,12,2000,"OND"
"70",2000-12-16,2.287,0.0900393700787402,Dec 2000,12,2000,"OND"
"71",2000-12-21,2.362,0.092992125984252,Dec 2000,12,2000,"OND"
"72",2000-12-26,5.237,0.206181102362205,Dec 2000,12,2000,"OND"
"73",2001-01-01,3.567,0.140433070866142,Jan 2001,1,2001,"JFM"
"74",2001-01-06,2.494,0.0981889763779528,Jan 2001,1,2001,"JFM"
"75",2001-01-11,2.412,0.0949606299212599,Jan 2001,1,2001,"JFM"
"76",2001-01-16,2.369,0.0932677165354331,Jan 2001,1,2001,"JFM"
"77",2001-01-21,3.004,0.118267716535433,Jan 2001,1,2001,"JFM"
"78",2001-01-26,2.508,0.098740157480315,Jan 2001,1,2001,"JFM"
"79",2001-02-01,1.623,0.0638976377952756,Feb 2001,2,2001,"JFM"
"80",2001-02-06,1.513,0.0595669291338583,Feb 2001,2,2001,"JFM"
"81",2001-02-11,2.15,0.0846456692913386,Feb 2001,2,2001,"JFM"
"82",2001-02-16,1.605,0.0631889763779528,Feb 2001,2,2001,"JFM"
"83",2001-02-21,4.704,0.185196850393701,Feb 2001,2,2001,"JFM"
"84",2001-02-26,0.991,0.0390157480314961,Feb 2001,2,2001,"JFM"
"85",2001-03-01,0.79,0.0311023622047244,Mar 2001,3,2001,"JFM"
"86",2001-03-06,0.963,0.0379133858267717,Mar 2001,3,2001,"JFM"
"87",2001-03-11,1.32,0.0519685039370079,Mar 2001,3,2001,"JFM"
"88",2001-03-16,1.541,0.0606692913385827,Mar 2001,3,2001,"JFM"
"89",2001-03-21,2.608,0.102677165354331,Mar 2001,3,2001,"JFM"
"90",2001-03-26,5.32,0.209448818897638,Mar 2001,3,2001,"JFM"
"91",2001-04-01,0.923,0.0363385826771654,Apr 2001,4,2001,"AMJ"
"92",2001-04-06,0.518,0.0203937007874016,Apr 2001,4,2001,"AMJ"
"93",2001-04-11,3.148,0.123937007874016,Apr 2001,4,2001,"AMJ"
"94",2001-04-16,7.136,0.280944881889764,Apr 2001,4,2001,"AMJ"
"95",2001-04-21,0.466,0.0183464566929134,Apr 2001,4,2001,"AMJ"
"96",2001-04-26,0.469,0.0184645669291339,Apr 2001,4,2001,"AMJ"
"97",2001-05-01,3.857,0.151850393700787,May 2001,5,2001,"AMJ"
"98",2001-05-06,1.279,0.0503543307086614,May 2001,5,2001,"AMJ"
"99",2001-05-11,1.631,0.0642125984251969,May 2001,5,2001,"AMJ"
"100",2001-05-16,1.489,0.0586220472440945,May 2001,5,2001,"AMJ"
"101",2001-05-21,1.161,0.0457086614173228,May 2001,5,2001,"AMJ"
"102",2001-05-26,20.237,0.796732283464567,May 2001,5,2001,"AMJ"
"103",2001-06-01,12.795,0.503740157480315,Jun 2001,6,2001,"AMJ"
"104",2001-06-06,3.793,0.149330708661417,Jun 2001,6,2001,"AMJ"
"105",2001-06-11,9.124,0.359212598425197,Jun 2001,6,2001,"AMJ"
"106",2001-06-16,7.669,0.301929133858268,Jun 2001,6,2001,"AMJ"
"107",2001-06-21,13.134,0.517086614173228,Jun 2001,6,2001,"AMJ"
"108",2001-06-26,15.949,0.627913385826772,Jun 2001,6,2001,"AMJ"
"109",2001-07-01,12.222,0.481181102362205,Jul 2001,7,2001,"JAS"
"110",2001-07-06,13.49,0.531102362204724,Jul 2001,7,2001,"JAS"
"111",2001-07-11,35.203,1.38594488188976,Jul 2001,7,2001,"JAS"
"112",2001-07-16,29.33,1.15472440944882,Jul 2001,7,2001,"JAS"
"113",2001-07-21,19.19,0.755511811023622,Jul 2001,7,2001,"JAS"
"114",2001-07-26,26.213,1.03200787401575,Jul 2001,7,2001,"JAS"
"115",2001-08-01,11.097,0.436889763779528,Aug 2001,8,2001,"JAS"
"116",2001-08-06,22.047,0.867992125984252,Aug 2001,8,2001,"JAS"
"117",2001-08-11,50.447,1.98610236220472,Aug 2001,8,2001,"JAS"
"118",2001-08-16,15.313,0.602874015748032,Aug 2001,8,2001,"JAS"
"119",2001-08-21,2.573,0.101299212598425,Aug 2001,8,2001,"JAS"
"120",2001-08-26,3.141,0.123661417322835,Aug 2001,8,2001,"JAS"
"121",2001-09-01,10.249,0.403503937007874,Sep 2001,9,2001,"JAS"
"122",2001-09-06,5.128,0.201889763779528,Sep 2001,9,2001,"JAS"
"123",2001-09-11,4.521,0.177992125984252,Sep 2001,9,2001,"JAS"
"124",2001-09-16,4.379,0.17240157480315,Sep 2001,9,2001,"JAS"
"125",2001-09-21,4.857,0.191220472440945,Sep 2001,9,2001,"JAS"
"126",2001-09-26,7.044,0.277322834645669,Sep 2001,9,2001,"JAS"
"127",2001-10-01,6.386,0.251417322834646,Oct 2001,10,2001,"OND"
"128",2001-10-06,1.195,0.0470472440944882,Oct 2001,10,2001,"OND"
"129",2001-10-11,2.984,0.11748031496063,Oct 2001,10,2001,"OND"
"130",2001-10-16,1.451,0.0571259842519685,Oct 2001,10,2001,"OND"
"131",2001-10-21,1.548,0.0609448818897638,Oct 2001,10,2001,"OND"
"132",2001-10-26,1.652,0.0650393700787402,Oct 2001,10,2001,"OND"
"133",2001-11-01,0.956,0.0376377952755906,Nov 2001,11,2001,"OND"
"134",2001-11-06,0.548,0.0215748031496063,Nov 2001,11,2001,"OND"
"135",2001-11-11,0.257,0.0101181102362205,Nov 2001,11,2001,"OND"
"136",2001-11-16,0.201,0.00791338582677165,Nov 2001,11,2001,"OND"
"137",2001-11-21,0.239,0.00940944881889764,Nov 2001,11,2001,"OND"
"138",2001-11-26,0.354,0.0139370078740157,Nov 2001,11,2001,"OND"
"139",2001-12-01,0.689,0.0271259842519685,Dec 2001,12,2001,"OND"
"140",2001-12-06,0.76,0.0299212598425197,Dec 2001,12,2001,"OND"
"141",2001-12-11,1.099,0.0432677165354331,Dec 2001,12,2001,"OND"
"142",2001-12-16,0.784,0.0308661417322835,Dec 2001,12,2001,"OND"
"143",2001-12-21,0.79,0.0311023622047244,Dec 2001,12,2001,"OND"
"144",2001-12-26,1.182,0.0465354330708661,Dec 2001,12,2001,"OND"
"145",2002-01-01,2.543,0.10011811023622,Jan 2002,1,2002,"JFM"
"146",2002-01-06,2.651,0.104370078740157,Jan 2002,1,2002,"JFM"
"147",2002-01-11,5.064,0.199370078740157,Jan 2002,1,2002,"JFM"
"148",2002-01-16,4.742,0.186692913385827,Jan 2002,1,2002,"JFM"
"149",2002-01-21,2.379,0.0936614173228346,Jan 2002,1,2002,"JFM"
"150",2002-01-26,3.659,0.144055118110236,Jan 2002,1,2002,"JFM"
"151",2002-02-01,1.882,0.0740944881889764,Feb 2002,2,2002,"JFM"
"152",2002-02-06,7.138,0.281023622047244,Feb 2002,2,2002,"JFM"
"153",2002-02-11,7.611,0.299645669291339,Feb 2002,2,2002,"JFM"
"154",2002-02-16,1.827,0.0719291338582677,Feb 2002,2,2002,"JFM"
"155",2002-02-21,3.692,0.145354330708661,Feb 2002,2,2002,"JFM"
"156",2002-02-26,1.136,0.0447244094488189,Feb 2002,2,2002,"JFM"
"157",2002-03-01,5.232,0.205984251968504,Mar 2002,3,2002,"JFM"
"158",2002-03-06,0.781,0.030748031496063,Mar 2002,3,2002,"JFM"
"159",2002-03-11,1.503,0.0591732283464567,Mar 2002,3,2002,"JFM"
"160",2002-03-16,0.798,0.0314173228346457,Mar 2002,3,2002,"JFM"
"161",2002-03-21,1.233,0.0485433070866142,Mar 2002,3,2002,"JFM"
"162",2002-03-26,0.977,0.0384645669291339,Mar 2002,3,2002,"JFM"
"163",2002-04-01,0.567,0.0223228346456693,Apr 2002,4,2002,"AMJ"
"164",2002-04-06,2.478,0.0975590551181102,Apr 2002,4,2002,"AMJ"
"165",2002-04-11,0.595,0.0234251968503937,Apr 2002,4,2002,"AMJ"
"166",2002-04-16,0.408,0.0160629921259843,Apr 2002,4,2002,"AMJ"
"167",2002-04-21,0.422,0.0166141732283465,Apr 2002,4,2002,"AMJ"
"168",2002-04-26,0.518,0.0203937007874016,Apr 2002,4,2002,"AMJ"
"169",2002-05-01,0.623,0.0245275590551181,May 2002,5,2002,"AMJ"
"170",2002-05-06,0.456,0.0179527559055118,May 2002,5,2002,"AMJ"
"171",2002-05-11,0.511,0.0201181102362205,May 2002,5,2002,"AMJ"
"172",2002-05-16,0.528,0.0207874015748032,May 2002,5,2002,"AMJ"
"173",2002-05-21,2.157,0.0849212598425197,May 2002,5,2002,"AMJ"
"174",2002-05-26,34.433,1.35562992125984,May 2002,5,2002,"AMJ"
"175",2002-06-01,4.612,0.181574803149606,Jun 2002,6,2002,"AMJ"
"176",2002-06-06,3.884,0.152913385826772,Jun 2002,6,2002,"AMJ"
"177",2002-06-11,4.134,0.162755905511811,Jun 2002,6,2002,"AMJ"
"178",2002-06-16,5.69,0.224015748031496,Jun 2002,6,2002,"AMJ"
"179",2002-06-21,11.678,0.459763779527559,Jun 2002,6,2002,"AMJ"
"180",2002-06-26,4.574,0.18007874015748,Jun 2002,6,2002,"AMJ"
"181",2002-07-01,3.435,0.135236220472441,Jul 2002,7,2002,"JAS"
"182",2002-07-06,3.664,0.144251968503937,Jul 2002,7,2002,"JAS"
"183",2002-07-11,2.172,0.0855118110236221,Jul 2002,7,2002,"JAS"
"184",2002-07-16,8.141,0.320511811023622,Jul 2002,7,2002,"JAS"
"185",2002-07-21,2.457,0.0967322834645669,Jul 2002,7,2002,"JAS"
"186",2002-07-26,5.43,0.213779527559055,Jul 2002,7,2002,"JAS"
"187",2002-08-01,25.702,1.01188976377953,Aug 2002,8,2002,"JAS"
"188",2002-08-06,23.411,0.921692913385827,Aug 2002,8,2002,"JAS"
"189",2002-08-11,56.507,2.22468503937008,Aug 2002,8,2002,"JAS"
"190",2002-08-16,4.179,0.164527559055118,Aug 2002,8,2002,"JAS"
"191",2002-08-21,11.695,0.460433070866142,Aug 2002,8,2002,"JAS"
"192",2002-08-26,23.814,0.93755905511811,Aug 2002,8,2002,"JAS"
"193",2002-09-01,37.157,1.46287401574803,Sep 2002,9,2002,"JAS"
"194",2002-09-06,9.628,0.379055118110236,Sep 2002,9,2002,"JAS"
"195",2002-09-11,37.653,1.48240157480315,Sep 2002,9,2002,"JAS"
"196",2002-09-16,16.831,0.662637795275591,Sep 2002,9,2002,"JAS"
"197",2002-09-21,7.932,0.312283464566929,Sep 2002,9,2002,"JAS"
"198",2002-09-26,8.172,0.321732283464567,Sep 2002,9,2002,"JAS"
"199",2002-10-01,1.181,0.046496062992126,Oct 2002,10,2002,"OND"
"200",2002-10-06,1.181,0.046496062992126,Oct 2002,10,2002,"OND"
"201",2002-10-11,2.788,0.109763779527559,Oct 2002,10,2002,"OND"
"202",2002-10-16,1.35,0.0531496062992126,Oct 2002,10,2002,"OND"
"203",2002-10-21,1.47,0.0578740157480315,Oct 2002,10,2002,"OND"
"204",2002-10-26,1.652,0.0650393700787402,Oct 2002,10,2002,"OND"
"205",2002-11-01,0.912,0.0359055118110236,Nov 2002,11,2002,"OND"
"206",2002-11-06,0.514,0.0202362204724409,Nov 2002,11,2002,"OND"
"207",2002-11-11,0.256,0.0100787401574803,Nov 2002,11,2002,"OND"
"208",2002-11-16,0.199,0.00783464566929134,Nov 2002,11,2002,"OND"
"209",2002-11-21,0.238,0.00937007874015748,Nov 2002,11,2002,"OND"
"210",2002-11-26,0.356,0.0140157480314961,Nov 2002,11,2002,"OND"
"211",2002-12-01,1.126,0.0443307086614173,Dec 2002,12,2002,"OND"
"212",2002-12-06,1.252,0.0492913385826772,Dec 2002,12,2002,"OND"
"213",2002-12-11,1.307,0.0514566929133858,Dec 2002,12,2002,"OND"
"214",2002-12-16,1.304,0.0513385826771654,Dec 2002,12,2002,"OND"
"215",2002-12-21,1.455,0.0572834645669291,Dec 2002,12,2002,"OND"
"216",2002-12-26,3.303,0.13003937007874,Dec 2002,12,2002,"OND"
"217",2003-01-01,2.474,0.0974015748031496,Jan 2003,1,2003,"JFM"
"218",2003-01-06,2.554,0.100551181102362,Jan 2003,1,2003,"JFM"
"219",2003-01-11,2.446,0.0962992125984252,Jan 2003,1,2003,"JFM"
"220",2003-01-16,2.426,0.0955118110236221,Jan 2003,1,2003,"JFM"
"221",2003-01-21,2.288,0.0900787401574803,Jan 2003,1,2003,"JFM"
"222",2003-01-26,13.427,0.528622047244094,Jan 2003,1,2003,"JFM"
"223",2003-02-01,1.943,0.076496062992126,Feb 2003,2,2003,"JFM"
"224",2003-02-06,1.467,0.057755905511811,Feb 2003,2,2003,"JFM"
"225",2003-02-11,1.515,0.0596456692913386,Feb 2003,2,2003,"JFM"
"226",2003-02-16,15.714,0.618661417322835,Feb 2003,2,2003,"JFM"
"227",2003-02-21,1.521,0.0598818897637795,Feb 2003,2,2003,"JFM"
"228",2003-02-26,0.957,0.0376771653543307,Feb 2003,2,2003,"JFM"
"229",2003-03-01,1.765,0.069488188976378,Mar 2003,3,2003,"JFM"
"230",2003-03-06,1.043,0.0410629921259843,Mar 2003,3,2003,"JFM"
"231",2003-03-11,3.924,0.154488188976378,Mar 2003,3,2003,"JFM"
"232",2003-03-16,1.18,0.0464566929133858,Mar 2003,3,2003,"JFM"
"233",2003-03-21,1.416,0.055748031496063,Mar 2003,3,2003,"JFM"
"234",2003-03-26,1.602,0.0630708661417323,Mar 2003,3,2003,"JFM"
"235",2003-04-01,0.687,0.0270472440944882,Apr 2003,4,2003,"AMJ"
"236",2003-04-06,0.44,0.0173228346456693,Apr 2003,4,2003,"AMJ"
"237",2003-04-11,0.993,0.0390944881889764,Apr 2003,4,2003,"AMJ"
"238",2003-04-16,0.787,0.0309842519685039,Apr 2003,4,2003,"AMJ"
"239",2003-04-21,0.383,0.0150787401574803,Apr 2003,4,2003,"AMJ"
"240",2003-04-26,0.63,0.0248031496062992,Apr 2003,4,2003,"AMJ"
"241",2003-05-01,0.473,0.0186220472440945,May 2003,5,2003,"AMJ"
"242",2003-05-06,0.478,0.0188188976377953,May 2003,5,2003,"AMJ"
"243",2003-05-11,0.448,0.0176377952755906,May 2003,5,2003,"AMJ"
"244",2003-05-16,0.47,0.018503937007874,May 2003,5,2003,"AMJ"
"245",2003-05-21,2.627,0.103425196850394,May 2003,5,2003,"AMJ"
"246",2003-05-26,0.921,0.036259842519685,May 2003,5,2003,"AMJ"
"247",2003-06-01,2.263,0.0890944881889764,Jun 2003,6,2003,"AMJ"
"248",2003-06-06,2.915,0.114763779527559,Jun 2003,6,2003,"AMJ"
"249",2003-06-11,3.44,0.135433070866142,Jun 2003,6,2003,"AMJ"
"250",2003-06-16,12.564,0.494645669291339,Jun 2003,6,2003,"AMJ"
"251",2003-06-21,15.099,0.594448818897638,Jun 2003,6,2003,"AMJ"
"252",2003-06-26,18.089,0.712165354330709,Jun 2003,6,2003,"AMJ"
"253",2003-07-01,24.308,0.957007874015748,Jul 2003,7,2003,"JAS"
"254",2003-07-06,88.006,3.4648031496063,Jul 2003,7,2003,"JAS"
"255",2003-07-11,13.636,0.536850393700787,Jul 2003,7,2003,"JAS"
"256",2003-07-16,35.926,1.4144094488189,Jul 2003,7,2003,"JAS"
"257",2003-07-21,28.437,1.11956692913386,Jul 2003,7,2003,"JAS"
"258",2003-07-26,27.118,1.06763779527559,Jul 2003,7,2003,"JAS"
"259",2003-08-01,29.311,1.15397637795276,Aug 2003,8,2003,"JAS"
"260",2003-08-06,26.06,1.0259842519685,Aug 2003,8,2003,"JAS"
"261",2003-08-11,48.204,1.89779527559055,Aug 2003,8,2003,"JAS"
"262",2003-08-16,23.645,0.930905511811024,Aug 2003,8,2003,"JAS"
"263",2003-08-21,10.185,0.400984251968504,Aug 2003,8,2003,"JAS"
"264",2003-08-26,27.994,1.10212598425197,Aug 2003,8,2003,"JAS"
"265",2003-09-01,43.237,1.70224409448819,Sep 2003,9,2003,"JAS"
"266",2003-09-06,19.007,0.748307086614173,Sep 2003,9,2003,"JAS"
"267",2003-09-11,25.386,0.999448818897638,Sep 2003,9,2003,"JAS"
"268",2003-09-16,8.649,0.340511811023622,Sep 2003,9,2003,"JAS"
"269",2003-09-21,7.983,0.314291338582677,Sep 2003,9,2003,"JAS"
"270",2003-09-26,5.367,0.211299212598425,Sep 2003,9,2003,"JAS"
"271",2003-10-01,2.724,0.107244094488189,Oct 2003,10,2003,"OND"
"272",2003-10-06,2.72,0.107086614173228,Oct 2003,10,2003,"OND"
"273",2003-10-11,3.105,0.122244094488189,Oct 2003,10,2003,"OND"
"274",2003-10-16,3.107,0.122322834645669,Oct 2003,10,2003,"OND"
"275",2003-10-21,3.68,0.14488188976378,Oct 2003,10,2003,"OND"
"276",2003-10-26,6.079,0.239330708661417,Oct 2003,10,2003,"OND"
"277",2003-11-01,0.926,0.0364566929133858,Nov 2003,11,2003,"OND"
"278",2003-11-06,0.528,0.0207874015748032,Nov 2003,11,2003,"OND"
"279",2003-11-11,0.403,0.0158661417322835,Nov 2003,11,2003,"OND"
"280",2003-11-16,0.222,0.00874015748031496,Nov 2003,11,2003,"OND"
"281",2003-11-21,0.246,0.00968503937007874,Nov 2003,11,2003,"OND"
"282",2003-11-26,0.364,0.0143307086614173,Nov 2003,11,2003,"OND"
"283",2003-12-01,1.552,0.0611023622047244,Dec 2003,12,2003,"OND"
"284",2003-12-06,1.75,0.0688976377952756,Dec 2003,12,2003,"OND"
"285",2003-12-11,3.127,0.123110236220472,Dec 2003,12,2003,"OND"
"286",2003-12-16,2.836,0.111653543307087,Dec 2003,12,2003,"OND"
"287",2003-12-21,1.798,0.0707874015748031,Dec 2003,12,2003,"OND"
"288",2003-12-26,2.738,0.107795275590551,Dec 2003,12,2003,"OND"
"289",2004-01-01,2.054,0.0808661417322835,Jan 2004,1,2004,"JFM"
"290",2004-01-06,2.112,0.0831496062992126,Jan 2004,1,2004,"JFM"
"291",2004-01-11,2.126,0.0837007874015748,Jan 2004,1,2004,"JFM"
"292",2004-01-16,2.234,0.0879527559055118,Jan 2004,1,2004,"JFM"
"293",2004-01-21,5.724,0.225354330708661,Jan 2004,1,2004,"JFM"
"294",2004-01-26,4.851,0.190984251968504,Jan 2004,1,2004,"JFM"
"295",2004-02-01,1.61,0.0633858267716536,Feb 2004,2,2004,"JFM"
"296",2004-02-06,1.546,0.0608661417322835,Feb 2004,2,2004,"JFM"
"297",2004-02-11,1.468,0.0577952755905512,Feb 2004,2,2004,"JFM"
"298",2004-02-16,3.217,0.126653543307087,Feb 2004,2,2004,"JFM"
"299",2004-02-21,1.56,0.0614173228346457,Feb 2004,2,2004,"JFM"
"300",2004-02-26,1.028,0.0404724409448819,Feb 2004,2,2004,"JFM"
"301",2004-03-01,1.047,0.0412204724409449,Mar 2004,3,2004,"JFM"
"302",2004-03-06,0.921,0.036259842519685,Mar 2004,3,2004,"JFM"
"303",2004-03-11,1.018,0.0400787401574803,Mar 2004,3,2004,"JFM"
"304",2004-03-16,1.029,0.040511811023622,Mar 2004,3,2004,"JFM"
"305",2004-03-21,1.008,0.0396850393700787,Mar 2004,3,2004,"JFM"
"306",2004-03-26,1.136,0.0447244094488189,Mar 2004,3,2004,"JFM"
"307",2004-04-01,0.745,0.0293307086614173,Apr 2004,4,2004,"AMJ"
"308",2004-04-06,0.461,0.0181496062992126,Apr 2004,4,2004,"AMJ"
"309",2004-04-11,0.383,0.0150787401574803,Apr 2004,4,2004,"AMJ"
"310",2004-04-16,0.364,0.0143307086614173,Apr 2004,4,2004,"AMJ"
"311",2004-04-21,3.788,0.149133858267717,Apr 2004,4,2004,"AMJ"
"312",2004-04-26,6.942,0.273307086614173,Apr 2004,4,2004,"AMJ"
"313",2004-05-01,1.329,0.0523228346456693,May 2004,5,2004,"AMJ"
"314",2004-05-06,1.244,0.0489763779527559,May 2004,5,2004,"AMJ"
"315",2004-05-11,2.089,0.082244094488189,May 2004,5,2004,"AMJ"
"316",2004-05-16,1.268,0.0499212598425197,May 2004,5,2004,"AMJ"
"317",2004-05-21,4.082,0.160708661417323,May 2004,5,2004,"AMJ"
"318",2004-05-26,4.193,0.16507874015748,May 2004,5,2004,"AMJ"
"319",2004-06-01,2.737,0.107755905511811,Jun 2004,6,2004,"AMJ"
"320",2004-06-06,7.027,0.276653543307087,Jun 2004,6,2004,"AMJ"
"321",2004-06-11,4.654,0.183228346456693,Jun 2004,6,2004,"AMJ"
"322",2004-06-16,28.927,1.13885826771654,Jun 2004,6,2004,"AMJ"
"323",2004-06-21,4.096,0.161259842519685,Jun 2004,6,2004,"AMJ"
"324",2004-06-26,2.992,0.117795275590551,Jun 2004,6,2004,"AMJ"
"325",2004-07-01,13.388,0.527086614173228,Jul 2004,7,2004,"JAS"
"326",2004-07-06,21.524,0.84740157480315,Jul 2004,7,2004,"JAS"
"327",2004-07-11,6.863,0.270196850393701,Jul 2004,7,2004,"JAS"
"328",2004-07-16,6.82,0.268503937007874,Jul 2004,7,2004,"JAS"
"329",2004-07-21,7.239,0.285,Jul 2004,7,2004,"JAS"
"330",2004-07-26,11.967,0.471141732283465,Jul 2004,7,2004,"JAS"
"331",2004-08-01,62.611,2.465,Aug 2004,8,2004,"JAS"
"332",2004-08-06,16.354,0.643858267716535,Aug 2004,8,2004,"JAS"
"333",2004-08-11,29.146,1.14748031496063,Aug 2004,8,2004,"JAS"
"334",2004-08-16,27.643,1.08830708661417,Aug 2004,8,2004,"JAS"
"335",2004-08-21,73.639,2.89917322834646,Aug 2004,8,2004,"JAS"
"336",2004-08-26,1.576,0.0620472440944882,Aug 2004,8,2004,"JAS"
"337",2004-09-01,4.135,0.162795275590551,Sep 2004,9,2004,"JAS"
"338",2004-09-06,4.111,0.161850393700787,Sep 2004,9,2004,"JAS"
"339",2004-09-11,15.337,0.603818897637795,Sep 2004,9,2004,"JAS"
"340",2004-09-16,8.134,0.320236220472441,Sep 2004,9,2004,"JAS"
"341",2004-09-21,8.458,0.332992125984252,Sep 2004,9,2004,"JAS"
"342",2004-09-26,6.713,0.264291338582677,Sep 2004,9,2004,"JAS"
"343",2004-10-01,33.751,1.32877952755906,Oct 2004,10,2004,"OND"
"344",2004-10-06,9.092,0.357952755905512,Oct 2004,10,2004,"OND"
"345",2004-10-11,2.817,0.110905511811024,Oct 2004,10,2004,"OND"
"346",2004-10-16,1.694,0.0666929133858268,Oct 2004,10,2004,"OND"
"347",2004-10-21,1.726,0.0679527559055118,Oct 2004,10,2004,"OND"
"348",2004-10-26,8.139,0.320433070866142,Oct 2004,10,2004,"OND"
"349",2004-11-01,0.883,0.0347637795275591,Nov 2004,11,2004,"OND"
"350",2004-11-06,0.506,0.0199212598425197,Nov 2004,11,2004,"OND"
"351",2004-11-11,0.3,0.0118110236220472,Nov 2004,11,2004,"OND"
"352",2004-11-16,0.383,0.0150787401574803,Nov 2004,11,2004,"OND"
"353",2004-11-21,0.236,0.00929133858267716,Nov 2004,11,2004,"OND"
"354",2004-11-26,0.351,0.0138188976377953,Nov 2004,11,2004,"OND"
"355",2004-12-01,0.726,0.0285826771653543,Dec 2004,12,2004,"OND"
"356",2004-12-06,0.817,0.0321653543307087,Dec 2004,12,2004,"OND"
"357",2004-12-11,0.847,0.0333464566929134,Dec 2004,12,2004,"OND"
"358",2004-12-16,0.851,0.033503937007874,Dec 2004,12,2004,"OND"
"359",2004-12-21,0.845,0.0332677165354331,Dec 2004,12,2004,"OND"
"360",2004-12-26,2.327,0.0916141732283465,Dec 2004,12,2004,"OND"
"361",2005-01-01,1.752,0.0689763779527559,Jan 2005,1,2005,"JFM"
"362",2005-01-06,1.43,0.0562992125984252,Jan 2005,1,2005,"JFM"
"363",2005-01-11,1.379,0.0542913385826772,Jan 2005,1,2005,"JFM"
"364",2005-01-16,1.931,0.0760236220472441,Jan 2005,1,2005,"JFM"
"365",2005-01-21,8.224,0.323779527559055,Jan 2005,1,2005,"JFM"
"366",2005-01-26,2.666,0.10496062992126,Jan 2005,1,2005,"JFM"
"367",2005-02-01,2.365,0.0931102362204725,Feb 2005,2,2005,"JFM"
"368",2005-02-06,24.353,0.958779527559055,Feb 2005,2,2005,"JFM"
"369",2005-02-11,2.624,0.103307086614173,Feb 2005,2,2005,"JFM"
"370",2005-02-16,3.047,0.11996062992126,Feb 2005,2,2005,"JFM"
"371",2005-02-21,2.076,0.0817322834645669,Feb 2005,2,2005,"JFM"
"372",2005-02-26,0.952,0.0374803149606299,Feb 2005,2,2005,"JFM"
"373",2005-03-01,8.554,0.336771653543307,Mar 2005,3,2005,"JFM"
"374",2005-03-06,7.323,0.288307086614173,Mar 2005,3,2005,"JFM"
"375",2005-03-11,1.111,0.043740157480315,Mar 2005,3,2005,"JFM"
"376",2005-03-16,2.756,0.108503937007874,Mar 2005,3,2005,"JFM"
"377",2005-03-21,2.097,0.0825590551181102,Mar 2005,3,2005,"JFM"
"378",2005-03-26,1.405,0.0553149606299213,Mar 2005,3,2005,"JFM"
"379",2005-04-01,0.683,0.0268897637795276,Apr 2005,4,2005,"AMJ"
"380",2005-04-06,0.534,0.0210236220472441,Apr 2005,4,2005,"AMJ"
"381",2005-04-11,0.464,0.0182677165354331,Apr 2005,4,2005,"AMJ"
"382",2005-04-16,0.446,0.0175590551181102,Apr 2005,4,2005,"AMJ"
"383",2005-04-21,1.846,0.0726771653543307,Apr 2005,4,2005,"AMJ"
"384",2005-04-26,4.299,0.169251968503937,Apr 2005,4,2005,"AMJ"
"385",2005-05-01,3.373,0.132795275590551,May 2005,5,2005,"AMJ"
"386",2005-05-06,0.504,0.0198425196850394,May 2005,5,2005,"AMJ"
"387",2005-05-11,0.395,0.0155511811023622,May 2005,5,2005,"AMJ"
"388",2005-05-16,0.425,0.0167322834645669,May 2005,5,2005,"AMJ"
"389",2005-05-21,0.566,0.0222834645669291,May 2005,5,2005,"AMJ"
"390",2005-05-26,1.623,0.0638976377952756,May 2005,5,2005,"AMJ"
"391",2005-06-01,2.212,0.0870866141732284,Jun 2005,6,2005,"AMJ"
"392",2005-06-06,5.881,0.231535433070866,Jun 2005,6,2005,"AMJ"
"393",2005-06-11,1.917,0.0754724409448819,Jun 2005,6,2005,"AMJ"
"394",2005-06-16,1.764,0.0694488188976378,Jun 2005,6,2005,"AMJ"
"395",2005-06-21,5.193,0.204448818897638,Jun 2005,6,2005,"AMJ"
"396",2005-06-26,43.553,1.71468503937008,Jun 2005,6,2005,"AMJ"
"397",2005-07-01,10.442,0.411102362204724,Jul 2005,7,2005,"JAS"
"398",2005-07-06,33.413,1.31547244094488,Jul 2005,7,2005,"JAS"
"399",2005-07-11,56.127,2.20972440944882,Jul 2005,7,2005,"JAS"
"400",2005-07-16,16.821,0.662244094488189,Jul 2005,7,2005,"JAS"
"401",2005-07-21,24.227,0.953818897637795,Jul 2005,7,2005,"JAS"
"402",2005-07-26,31.469,1.23893700787402,Jul 2005,7,2005,"JAS"
"403",2005-08-01,25.285,0.995472440944882,Aug 2005,8,2005,"JAS"
"404",2005-08-06,10.231,0.402795275590551,Aug 2005,8,2005,"JAS"
"405",2005-08-11,11.892,0.468188976377953,Aug 2005,8,2005,"JAS"
"406",2005-08-16,50.049,1.97043307086614,Aug 2005,8,2005,"JAS"
"407",2005-08-21,3.936,0.15496062992126,Aug 2005,8,2005,"JAS"
"408",2005-08-26,2.548,0.100314960629921,Aug 2005,8,2005,"JAS"
"409",2005-09-01,13.122,0.516614173228346,Sep 2005,9,2005,"JAS"
"410",2005-09-06,28.035,1.10374015748031,Sep 2005,9,2005,"JAS"
"411",2005-09-11,53.328,2.09952755905512,Sep 2005,9,2005,"JAS"
"412",2005-09-16,40.799,1.60625984251969,Sep 2005,9,2005,"JAS"
"413",2005-09-21,62.531,2.46185039370079,Sep 2005,9,2005,"JAS"
"414",2005-09-26,8.961,0.352795275590551,Sep 2005,9,2005,"JAS"
"415",2005-10-01,1.249,0.0491732283464567,Oct 2005,10,2005,"OND"
"416",2005-10-06,1.367,0.0538188976377953,Oct 2005,10,2005,"OND"
"417",2005-10-11,1.51,0.0594488188976378,Oct 2005,10,2005,"OND"
"418",2005-10-16,1.498,0.0589763779527559,Oct 2005,10,2005,"OND"
"419",2005-10-21,1.563,0.0615354330708661,Oct 2005,10,2005,"OND"
"420",2005-10-26,1.757,0.0691732283464567,Oct 2005,10,2005,"OND"
"421",2005-11-01,0.869,0.0342125984251969,Nov 2005,11,2005,"OND"
"422",2005-11-06,0.5,0.0196850393700787,Nov 2005,11,2005,"OND"
"423",2005-11-11,0.246,0.00968503937007874,Nov 2005,11,2005,"OND"
"424",2005-11-16,0.189,0.00744094488188976,Nov 2005,11,2005,"OND"
"425",2005-11-21,0.23,0.00905511811023622,Nov 2005,11,2005,"OND"
"426",2005-11-26,0.348,0.0137007874015748,Nov 2005,11,2005,"OND"
"427",2005-12-01,0.669,0.0263385826771654,Dec 2005,12,2005,"OND"
"428",2005-12-06,0.76,0.0299212598425197,Dec 2005,12,2005,"OND"
"429",2005-12-11,0.772,0.0303937007874016,Dec 2005,12,2005,"OND"
"430",2005-12-16,0.77,0.0303149606299213,Dec 2005,12,2005,"OND"
"431",2005-12-21,0.906,0.0356692913385827,Dec 2005,12,2005,"OND"
"432",2005-12-26,1.146,0.0451181102362205,Dec 2005,12,2005,"OND"
"433",2006-01-01,3.014,0.118661417322835,Jan 2006,1,2006,"JFM"
"434",2006-01-06,2.067,0.0813779527559055,Jan 2006,1,2006,"JFM"
"435",2006-01-11,1.873,0.073740157480315,Jan 2006,1,2006,"JFM"
"436",2006-01-16,2.2,0.0866141732283465,Jan 2006,1,2006,"JFM"
"437",2006-01-21,1.801,0.0709055118110236,Jan 2006,1,2006,"JFM"
"438",2006-01-26,2.289,0.0901181102362205,Jan 2006,1,2006,"JFM"
"439",2006-02-01,1.529,0.0601968503937008,Feb 2006,2,2006,"JFM"
"440",2006-02-06,1.344,0.0529133858267717,Feb 2006,2,2006,"JFM"
"441",2006-02-11,1.93,0.0759842519685039,Feb 2006,2,2006,"JFM"
"442",2006-02-16,4.739,0.186574803149606,Feb 2006,2,2006,"JFM"
"443",2006-02-21,1.384,0.054488188976378,Feb 2006,2,2006,"JFM"
"444",2006-02-26,0.927,0.036496062992126,Feb 2006,2,2006,"JFM"
"445",2006-03-01,0.909,0.0357874015748032,Mar 2006,3,2006,"JFM"
"446",2006-03-06,9.459,0.37240157480315,Mar 2006,3,2006,"JFM"
"447",2006-03-11,13.28,0.522834645669291,Mar 2006,3,2006,"JFM"
"448",2006-03-16,0.943,0.0371259842519685,Mar 2006,3,2006,"JFM"
"449",2006-03-21,0.888,0.0349606299212598,Mar 2006,3,2006,"JFM"
"450",2006-03-26,1.319,0.0519291338582677,Mar 2006,3,2006,"JFM"
"451",2006-04-01,0.535,0.0210629921259843,Apr 2006,4,2006,"AMJ"
"452",2006-04-06,0.438,0.017244094488189,Apr 2006,4,2006,"AMJ"
"453",2006-04-11,0.374,0.0147244094488189,Apr 2006,4,2006,"AMJ"
"454",2006-04-16,1.046,0.0411811023622047,Apr 2006,4,2006,"AMJ"
"455",2006-04-21,0.82,0.0322834645669291,Apr 2006,4,2006,"AMJ"
"456",2006-04-26,0.487,0.0191732283464567,Apr 2006,4,2006,"AMJ"
"457",2006-05-01,0.592,0.0233070866141732,May 2006,5,2006,"AMJ"
"458",2006-05-06,0.916,0.0360629921259843,May 2006,5,2006,"AMJ"
"459",2006-05-11,7.233,0.284763779527559,May 2006,5,2006,"AMJ"
"460",2006-05-16,8.29,0.326377952755905,May 2006,5,2006,"AMJ"
"461",2006-05-21,5.362,0.211102362204724,May 2006,5,2006,"AMJ"
"462",2006-05-26,8.164,0.321417322834646,May 2006,5,2006,"AMJ"
"463",2006-06-01,4.44,0.174803149606299,Jun 2006,6,2006,"AMJ"
"464",2006-06-06,2.405,0.0946850393700787,Jun 2006,6,2006,"AMJ"
"465",2006-06-11,2.966,0.116771653543307,Jun 2006,6,2006,"AMJ"
"466",2006-06-16,7.13,0.280708661417323,Jun 2006,6,2006,"AMJ"
"467",2006-06-21,14.558,0.573149606299213,Jun 2006,6,2006,"AMJ"
"468",2006-06-26,25.653,1.00996062992126,Jun 2006,6,2006,"AMJ"
"469",2006-07-01,2.822,0.111102362204724,Jul 2006,7,2006,"JAS"
"470",2006-07-06,43.719,1.72122047244095,Jul 2006,7,2006,"JAS"
"471",2006-07-11,50.141,1.97405511811024,Jul 2006,7,2006,"JAS"
"472",2006-07-16,35.788,1.40897637795276,Jul 2006,7,2006,"JAS"
"473",2006-07-21,15.82,0.622834645669291,Jul 2006,7,2006,"JAS"
"474",2006-07-26,63.504,2.50015748031496,Jul 2006,7,2006,"JAS"
"475",2006-08-01,15.178,0.59755905511811,Aug 2006,8,2006,"JAS"
"476",2006-08-06,5.904,0.23244094488189,Aug 2006,8,2006,"JAS"
"477",2006-08-11,17.774,0.699763779527559,Aug 2006,8,2006,"JAS"
"478",2006-08-16,3.785,0.149015748031496,Aug 2006,8,2006,"JAS"
"479",2006-08-21,25.69,1.01141732283465,Aug 2006,8,2006,"JAS"
"480",2006-08-26,10.616,0.417952755905512,Aug 2006,8,2006,"JAS"
"481",2006-09-01,62.874,2.47535433070866,Sep 2006,9,2006,"JAS"
"482",2006-09-06,10.434,0.410787401574803,Sep 2006,9,2006,"JAS"
"483",2006-09-11,7.953,0.313110236220472,Sep 2006,9,2006,"JAS"
"484",2006-09-16,6.457,0.254212598425197,Sep 2006,9,2006,"JAS"
"485",2006-09-21,18.882,0.743385826771654,Sep 2006,9,2006,"JAS"
"486",2006-09-26,7.542,0.296929133858268,Sep 2006,9,2006,"JAS"
"487",2006-10-01,1.253,0.0493307086614173,Oct 2006,10,2006,"OND"
"488",2006-10-06,1.255,0.0494094488188976,Oct 2006,10,2006,"OND"
"489",2006-10-11,1.518,0.0597637795275591,Oct 2006,10,2006,"OND"
"490",2006-10-16,7.844,0.308818897637795,Oct 2006,10,2006,"OND"
"491",2006-10-21,3.64,0.143307086614173,Oct 2006,10,2006,"OND"
"492",2006-10-26,1.755,0.0690944881889764,Oct 2006,10,2006,"OND"
"493",2006-11-01,1.024,0.0403149606299213,Nov 2006,11,2006,"OND"
"494",2006-11-06,0.589,0.0231889763779528,Nov 2006,11,2006,"OND"
"495",2006-11-11,0.297,0.0116929133858268,Nov 2006,11,2006,"OND"
"496",2006-11-16,0.236,0.00929133858267716,Nov 2006,11,2006,"OND"
"497",2006-11-21,0.313,0.0123228346456693,Nov 2006,11,2006,"OND"
"498",2006-11-26,0.409,0.0161023622047244,Nov 2006,11,2006,"OND"
"499",2006-12-01,0.807,0.0317716535433071,Dec 2006,12,2006,"OND"
"500",2006-12-06,0.919,0.0361811023622047,Dec 2006,12,2006,"OND"
"501",2006-12-11,0.996,0.0392125984251969,Dec 2006,12,2006,"OND"
"502",2006-12-16,0.867,0.0341338582677165,Dec 2006,12,2006,"OND"
"503",2006-12-21,0.881,0.0346850393700787,Dec 2006,12,2006,"OND"
"504",2006-12-26,1.888,0.0743307086614173,Dec 2006,12,2006,"OND"
"505",2007-01-01,1.783,0.0701968503937008,Jan 2007,1,2007,"JFM"
"506",2007-01-06,1.819,0.0716141732283465,Jan 2007,1,2007,"JFM"
"507",2007-01-11,1.806,0.0711023622047244,Jan 2007,1,2007,"JFM"
"508",2007-01-16,1.739,0.0684645669291339,Jan 2007,1,2007,"JFM"
"509",2007-01-21,1.654,0.0651181102362205,Jan 2007,1,2007,"JFM"
"510",2007-01-26,2.648,0.104251968503937,Jan 2007,1,2007,"JFM"
"511",2007-02-01,1.962,0.077244094488189,Feb 2007,2,2007,"JFM"
"512",2007-02-06,15.181,0.597677165354331,Feb 2007,2,2007,"JFM"
"513",2007-02-11,17.061,0.671692913385827,Feb 2007,2,2007,"JFM"
"514",2007-02-16,2.012,0.0792125984251969,Feb 2007,2,2007,"JFM"
"515",2007-02-21,2.788,0.109763779527559,Feb 2007,2,2007,"JFM"
"516",2007-02-26,4.095,0.161220472440945,Feb 2007,2,2007,"JFM"
"517",2007-03-01,0.969,0.0381496062992126,Mar 2007,3,2007,"JFM"
"518",2007-03-06,1.485,0.0584645669291339,Mar 2007,3,2007,"JFM"
"519",2007-03-11,22.413,0.88240157480315,Mar 2007,3,2007,"JFM"
"520",2007-03-16,2.715,0.106889763779528,Mar 2007,3,2007,"JFM"
"521",2007-03-21,1.072,0.0422047244094488,Mar 2007,3,2007,"JFM"
"522",2007-03-26,0.981,0.0386220472440945,Mar 2007,3,2007,"JFM"
"523",2007-04-01,0.61,0.0240157480314961,Apr 2007,4,2007,"AMJ"
"524",2007-04-06,2.104,0.0828346456692913,Apr 2007,4,2007,"AMJ"
"525",2007-04-11,0.44,0.0173228346456693,Apr 2007,4,2007,"AMJ"
"526",2007-04-16,0.612,0.0240944881889764,Apr 2007,4,2007,"AMJ"
"527",2007-04-21,0.418,0.0164566929133858,Apr 2007,4,2007,"AMJ"
"528",2007-04-26,0.44,0.0173228346456693,Apr 2007,4,2007,"AMJ"
"529",2007-05-01,2.442,0.0961417322834646,May 2007,5,2007,"AMJ"
"530",2007-05-06,4.428,0.174330708661417,May 2007,5,2007,"AMJ"
"531",2007-05-11,2.07,0.081496062992126,May 2007,5,2007,"AMJ"
"532",2007-05-16,6.633,0.261141732283465,May 2007,5,2007,"AMJ"
"533",2007-05-21,0.838,0.032992125984252,May 2007,5,2007,"AMJ"
"534",2007-05-26,2.63,0.103543307086614,May 2007,5,2007,"AMJ"
"535",2007-06-01,2.617,0.103031496062992,Jun 2007,6,2007,"AMJ"
"536",2007-06-06,2.911,0.114606299212598,Jun 2007,6,2007,"AMJ"
"537",2007-06-11,17.911,0.705157480314961,Jun 2007,6,2007,"AMJ"
"538",2007-06-16,24.17,0.951574803149606,Jun 2007,6,2007,"AMJ"
"539",2007-06-21,11.016,0.433700787401575,Jun 2007,6,2007,"AMJ"
"540",2007-06-26,23.045,0.907283464566929,Jun 2007,6,2007,"AMJ"
"541",2007-07-01,22.512,0.886299212598425,Jul 2007,7,2007,"JAS"
"542",2007-07-06,13.308,0.523937007874016,Jul 2007,7,2007,"JAS"
"543",2007-07-11,39.474,1.55409448818898,Jul 2007,7,2007,"JAS"
"544",2007-07-16,4.523,0.178070866141732,Jul 2007,7,2007,"JAS"
"545",2007-07-21,26.781,1.05437007874016,Jul 2007,7,2007,"JAS"
"546",2007-07-26,63.351,2.49413385826772,Jul 2007,7,2007,"JAS"
"547",2007-08-01,101.81,4.00826771653543,Aug 2007,8,2007,"JAS"
"548",2007-08-06,4.836,0.190393700787402,Aug 2007,8,2007,"JAS"
"549",2007-08-11,24.56,0.966929133858268,Aug 2007,8,2007,"JAS"
"550",2007-08-16,11.115,0.43759842519685,Aug 2007,8,2007,"JAS"
"551",2007-08-21,12.251,0.482322834645669,Aug 2007,8,2007,"JAS"
"552",2007-08-26,28.027,1.10342519685039,Aug 2007,8,2007,"JAS"
"553",2007-09-01,54.808,2.15779527559055,Sep 2007,9,2007,"JAS"
"554",2007-09-06,10.913,0.429645669291339,Sep 2007,9,2007,"JAS"
"555",2007-09-11,6.006,0.236456692913386,Sep 2007,9,2007,"JAS"
"556",2007-09-16,4.753,0.187125984251969,Sep 2007,9,2007,"JAS"
"557",2007-09-21,9.105,0.358464566929134,Sep 2007,9,2007,"JAS"
"558",2007-09-26,10.737,0.422716535433071,Sep 2007,9,2007,"JAS"
"559",2007-10-01,1.233,0.0485433070866142,Oct 2007,10,2007,"OND"
"560",2007-10-06,1.232,0.048503937007874,Oct 2007,10,2007,"OND"
"561",2007-10-11,1.492,0.058740157480315,Oct 2007,10,2007,"OND"
"562",2007-10-16,1.925,0.0757874015748032,Oct 2007,10,2007,"OND"
"563",2007-10-21,1.607,0.0632677165354331,Oct 2007,10,2007,"OND"
"564",2007-10-26,1.722,0.0677952755905512,Oct 2007,10,2007,"OND"
"565",2007-11-01,0.979,0.0385433070866142,Nov 2007,11,2007,"OND"
"566",2007-11-06,0.56,0.0220472440944882,Nov 2007,11,2007,"OND"
"567",2007-11-11,0.277,0.0109055118110236,Nov 2007,11,2007,"OND"
"568",2007-11-16,0.215,0.00846456692913386,Nov 2007,11,2007,"OND"
"569",2007-11-21,0.258,0.0101574803149606,Nov 2007,11,2007,"OND"
"570",2007-11-26,0.389,0.0153149606299213,Nov 2007,11,2007,"OND"
"571",2007-12-01,0.688,0.0270866141732283,Dec 2007,12,2007,"OND"
"572",2007-12-06,0.852,0.0335433070866142,Dec 2007,12,2007,"OND"
"573",2007-12-11,0.992,0.0390551181102362,Dec 2007,12,2007,"OND"
"574",2007-12-16,0.75,0.0295275590551181,Dec 2007,12,2007,"OND"
"575",2007-12-21,0.762,0.03,Dec 2007,12,2007,"OND"
"576",2007-12-26,1.118,0.0440157480314961,Dec 2007,12,2007,"OND"
"577",2008-01-01,1.836,0.0722834645669291,Jan 2008,1,2008,"JFM"
"578",2008-01-06,2.22,0.0874015748031496,Jan 2008,1,2008,"JFM"
"579",2008-01-11,1.911,0.075236220472441,Jan 2008,1,2008,"JFM"
"580",2008-01-16,2.815,0.110826771653543,Jan 2008,1,2008,"JFM"
"581",2008-01-21,1.799,0.0708267716535433,Jan 2008,1,2008,"JFM"
"582",2008-01-26,1.897,0.0746850393700787,Jan 2008,1,2008,"JFM"
"583",2008-02-01,2.684,0.105669291338583,Feb 2008,2,2008,"JFM"
"584",2008-02-06,2.19,0.0862204724409449,Feb 2008,2,2008,"JFM"
"585",2008-02-11,2.053,0.0808267716535433,Feb 2008,2,2008,"JFM"
"586",2008-02-16,2.046,0.0805511811023622,Feb 2008,2,2008,"JFM"
"587",2008-02-21,2.196,0.0864566929133858,Feb 2008,2,2008,"JFM"
"588",2008-02-26,1.441,0.0567322834645669,Feb 2008,2,2008,"JFM"
"589",2008-03-01,0.758,0.0298425196850394,Mar 2008,3,2008,"JFM"
"590",2008-03-06,1.249,0.0491732283464567,Mar 2008,3,2008,"JFM"
"591",2008-03-11,1.228,0.0483464566929134,Mar 2008,3,2008,"JFM"
"592",2008-03-16,0.797,0.0313779527559055,Mar 2008,3,2008,"JFM"
"593",2008-03-21,0.734,0.0288976377952756,Mar 2008,3,2008,"JFM"
"594",2008-03-26,3.405,0.134055118110236,Mar 2008,3,2008,"JFM"
"595",2008-04-01,11.418,0.449527559055118,Apr 2008,4,2008,"AMJ"
"596",2008-04-06,0.498,0.0196062992125984,Apr 2008,4,2008,"AMJ"
"597",2008-04-11,0.457,0.017992125984252,Apr 2008,4,2008,"AMJ"
"598",2008-04-16,0.403,0.0158661417322835,Apr 2008,4,2008,"AMJ"
"599",2008-04-21,0.4,0.015748031496063,Apr 2008,4,2008,"AMJ"
"600",2008-04-26,0.425,0.0167322834645669,Apr 2008,4,2008,"AMJ"
"601",2008-05-01,1.372,0.0540157480314961,May 2008,5,2008,"AMJ"
"602",2008-05-06,0.83,0.0326771653543307,May 2008,5,2008,"AMJ"
"603",2008-05-11,4.308,0.169606299212598,May 2008,5,2008,"AMJ"
"604",2008-05-16,13.873,0.546181102362205,May 2008,5,2008,"AMJ"
"605",2008-05-21,17.677,0.695944881889764,May 2008,5,2008,"AMJ"
"606",2008-05-26,16.324,0.642677165354331,May 2008,5,2008,"AMJ"
"607",2008-06-01,5.31,0.209055118110236,Jun 2008,6,2008,"AMJ"
"608",2008-06-06,10.187,0.401062992125984,Jun 2008,6,2008,"AMJ"
"609",2008-06-11,23.29,0.916929133858268,Jun 2008,6,2008,"AMJ"
"610",2008-06-16,19.914,0.784015748031496,Jun 2008,6,2008,"AMJ"
"611",2008-06-21,12.803,0.504055118110236,Jun 2008,6,2008,"AMJ"
"612",2008-06-26,33.387,1.31444881889764,Jun 2008,6,2008,"AMJ"
"613",2008-07-01,30.047,1.18295275590551,Jul 2008,7,2008,"JAS"
"614",2008-07-06,55.899,2.20074803149606,Jul 2008,7,2008,"JAS"
"615",2008-07-11,35.394,1.39346456692913,Jul 2008,7,2008,"JAS"
"616",2008-07-16,20.571,0.80988188976378,Jul 2008,7,2008,"JAS"
"617",2008-07-21,17.268,0.679842519685039,Jul 2008,7,2008,"JAS"
"618",2008-07-26,23.227,0.914448818897638,Jul 2008,7,2008,"JAS"
"619",2008-08-01,49.873,1.96350393700787,Aug 2008,8,2008,"JAS"
"620",2008-08-06,50.338,1.98181102362205,Aug 2008,8,2008,"JAS"
"621",2008-08-11,57.333,2.25720472440945,Aug 2008,8,2008,"JAS"
"622",2008-08-16,12.46,0.490551181102362,Aug 2008,8,2008,"JAS"
"623",2008-08-21,15.574,0.613149606299213,Aug 2008,8,2008,"JAS"
"624",2008-08-26,15.261,0.600826771653543,Aug 2008,8,2008,"JAS"
"625",2008-09-01,12.605,0.496259842519685,Sep 2008,9,2008,"JAS"
"626",2008-09-06,10.94,0.430708661417323,Sep 2008,9,2008,"JAS"
"627",2008-09-11,21.735,0.855708661417323,Sep 2008,9,2008,"JAS"
"628",2008-09-16,90.957,3.5809842519685,Sep 2008,9,2008,"JAS"
"629",2008-09-21,11.597,0.456574803149606,Sep 2008,9,2008,"JAS"
"630",2008-09-26,9.718,0.38259842519685,Sep 2008,9,2008,"JAS"
"631",2008-10-01,1.312,0.0516535433070866,Oct 2008,10,2008,"OND"
"632",2008-10-06,1.577,0.0620866141732283,Oct 2008,10,2008,"OND"
"633",2008-10-11,1.545,0.0608267716535433,Oct 2008,10,2008,"OND"
"634",2008-10-16,1.612,0.0634645669291339,Oct 2008,10,2008,"OND"
"635",2008-10-21,1.522,0.0599212598425197,Oct 2008,10,2008,"OND"
"636",2008-10-26,1.573,0.0619291338582677,Oct 2008,10,2008,"OND"
"637",2008-11-01,1.06,0.0417322834645669,Nov 2008,11,2008,"OND"
"638",2008-11-06,0.604,0.0237795275590551,Nov 2008,11,2008,"OND"
"639",2008-11-11,0.298,0.0117322834645669,Nov 2008,11,2008,"OND"
"640",2008-11-16,0.25,0.00984251968503937,Nov 2008,11,2008,"OND"
"641",2008-11-21,0.279,0.0109842519685039,Nov 2008,11,2008,"OND"
"642",2008-11-26,0.589,0.0231889763779528,Nov 2008,11,2008,"OND"
"643",2008-12-01,0.748,0.0294488188976378,Dec 2008,12,2008,"OND"
"644",2008-12-06,0.78,0.0307086614173228,Dec 2008,12,2008,"OND"
"645",2008-12-11,0.81,0.0318897637795276,Dec 2008,12,2008,"OND"
"646",2008-12-16,1.332,0.0524409448818898,Dec 2008,12,2008,"OND"
"647",2008-12-21,0.859,0.0338188976377953,Dec 2008,12,2008,"OND"
"648",2008-12-26,1.216,0.0478740157480315,Dec 2008,12,2008,"OND"
"649",2009-01-01,1.716,0.0675590551181102,Jan 2009,1,2009,"JFM"
"650",2009-01-06,1.781,0.0701181102362205,Jan 2009,1,2009,"JFM"
"651",2009-01-11,2.133,0.0839763779527559,Jan 2009,1,2009,"JFM"
"652",2009-01-16,8.119,0.319645669291339,Jan 2009,1,2009,"JFM"
"653",2009-01-21,2.271,0.0894094488188976,Jan 2009,1,2009,"JFM"
"654",2009-01-26,1.824,0.0718110236220472,Jan 2009,1,2009,"JFM"
"655",2009-02-01,1.692,0.0666141732283465,Feb 2009,2,2009,"JFM"
"656",2009-02-06,3.055,0.120275590551181,Feb 2009,2,2009,"JFM"
"657",2009-02-11,3.22,0.126771653543307,Feb 2009,2,2009,"JFM"
"658",2009-02-16,1.64,0.0645669291338583,Feb 2009,2,2009,"JFM"
"659",2009-02-21,2.163,0.0851574803149606,Feb 2009,2,2009,"JFM"
"660",2009-02-26,1.005,0.0395669291338583,Feb 2009,2,2009,"JFM"
"661",2009-03-01,0.835,0.0328740157480315,Mar 2009,3,2009,"JFM"
"662",2009-03-06,0.785,0.0309055118110236,Mar 2009,3,2009,"JFM"
"663",2009-03-11,0.733,0.0288582677165354,Mar 2009,3,2009,"JFM"
"664",2009-03-16,1.526,0.0600787401574803,Mar 2009,3,2009,"JFM"
"665",2009-03-21,1.845,0.0726377952755906,Mar 2009,3,2009,"JFM"
"666",2009-03-26,8.877,0.349488188976378,Mar 2009,3,2009,"JFM"
"667",2009-04-01,2.074,0.0816535433070866,Apr 2009,4,2009,"AMJ"
"668",2009-04-06,2.727,0.107362204724409,Apr 2009,4,2009,"AMJ"
"669",2009-04-11,0.392,0.0154330708661417,Apr 2009,4,2009,"AMJ"
"670",2009-04-16,0.367,0.0144488188976378,Apr 2009,4,2009,"AMJ"
"671",2009-04-21,0.383,0.0150787401574803,Apr 2009,4,2009,"AMJ"
"672",2009-04-26,0.404,0.0159055118110236,Apr 2009,4,2009,"AMJ"
"673",2009-05-01,5.37,0.211417322834646,May 2009,5,2009,"AMJ"
"674",2009-05-06,2.279,0.0897244094488189,May 2009,5,2009,"AMJ"
"675",2009-05-11,1.036,0.0407874015748032,May 2009,5,2009,"AMJ"
"676",2009-05-16,2.302,0.0906299212598425,May 2009,5,2009,"AMJ"
"677",2009-05-21,3.001,0.118149606299213,May 2009,5,2009,"AMJ"
"678",2009-05-26,6.873,0.270590551181102,May 2009,5,2009,"AMJ"
"679",2009-06-01,4.484,0.176535433070866,Jun 2009,6,2009,"AMJ"
"680",2009-06-06,3.702,0.145748031496063,Jun 2009,6,2009,"AMJ"
"681",2009-06-11,3.029,0.119251968503937,Jun 2009,6,2009,"AMJ"
"682",2009-06-16,4.116,0.162047244094488,Jun 2009,6,2009,"AMJ"
"683",2009-06-21,2.302,0.0906299212598425,Jun 2009,6,2009,"AMJ"
"684",2009-06-26,27.462,1.0811811023622,Jun 2009,6,2009,"AMJ"
"685",2009-07-01,8.381,0.32996062992126,Jul 2009,7,2009,"JAS"
"686",2009-07-06,17.262,0.679606299212599,Jul 2009,7,2009,"JAS"
"687",2009-07-11,31.523,1.24106299212598,Jul 2009,7,2009,"JAS"
"688",2009-07-16,11.616,0.457322834645669,Jul 2009,7,2009,"JAS"
"689",2009-07-21,19.449,0.765708661417323,Jul 2009,7,2009,"JAS"
"690",2009-07-26,52.576,2.06992125984252,Jul 2009,7,2009,"JAS"
"691",2009-08-01,4.539,0.178700787401575,Aug 2009,8,2009,"JAS"
"692",2009-08-06,4.073,0.160354330708661,Aug 2009,8,2009,"JAS"
"693",2009-08-11,48.338,1.90307086614173,Aug 2009,8,2009,"JAS"
"694",2009-08-16,21.937,0.863661417322835,Aug 2009,8,2009,"JAS"
"695",2009-08-21,23.697,0.932952755905512,Aug 2009,8,2009,"JAS"
"696",2009-08-26,55.905,2.2009842519685,Aug 2009,8,2009,"JAS"
"697",2009-09-01,64.402,2.53551181102362,Sep 2009,9,2009,"JAS"
"698",2009-09-06,67.393,2.65326771653543,Sep 2009,9,2009,"JAS"
"699",2009-09-11,20.154,0.793464566929134,Sep 2009,9,2009,"JAS"
"700",2009-09-16,6.83,0.268897637795276,Sep 2009,9,2009,"JAS"
"701",2009-09-21,9.881,0.389015748031496,Sep 2009,9,2009,"JAS"
"702",2009-09-26,13.549,0.533425196850394,Sep 2009,9,2009,"JAS"
"703",2009-10-01,14.655,0.576968503937008,Oct 2009,10,2009,"OND"
"704",2009-10-06,2.213,0.0871259842519685,Oct 2009,10,2009,"OND"
"705",2009-10-11,2.064,0.081259842519685,Oct 2009,10,2009,"OND"
"706",2009-10-16,2.114,0.0832283464566929,Oct 2009,10,2009,"OND"
"707",2009-10-21,2.222,0.0874803149606299,Oct 2009,10,2009,"OND"
"708",2009-10-26,2.354,0.0926771653543307,Oct 2009,10,2009,"OND"
"709",2009-11-01,1.388,0.0546456692913386,Nov 2009,11,2009,"OND"
"710",2009-11-06,0.801,0.0315354330708661,Nov 2009,11,2009,"OND"
"711",2009-11-11,0.635,0.025,Nov 2009,11,2009,"OND"
"712",2009-11-16,0.29,0.0114173228346457,Nov 2009,11,2009,"OND"
"713",2009-11-21,0.351,0.0138188976377953,Nov 2009,11,2009,"OND"
"714",2009-11-26,0.519,0.0204330708661417,Nov 2009,11,2009,"OND"
"715",2009-12-01,0.778,0.0306299212598425,Dec 2009,12,2009,"OND"
"716",2009-12-06,0.928,0.0365354330708661,Dec 2009,12,2009,"OND"
"717",2009-12-11,1.228,0.0483464566929134,Dec 2009,12,2009,"OND"
"718",2009-12-16,0.888,0.0349606299212598,Dec 2009,12,2009,"OND"
"719",2009-12-21,0.912,0.0359055118110236,Dec 2009,12,2009,"OND"
"720",2009-12-26,1.365,0.053740157480315,Dec 2009,12,2009,"OND"
"721",2010-01-01,3.411,0.134291338582677,Jan 2010,1,2010,"JFM"
"722",2010-01-06,2.461,0.0968897637795276,Jan 2010,1,2010,"JFM"
"723",2010-01-11,4.019,0.158228346456693,Jan 2010,1,2010,"JFM"
"724",2010-01-16,2.389,0.0940551181102362,Jan 2010,1,2010,"JFM"
"725",2010-01-21,2.222,0.0874803149606299,Jan 2010,1,2010,"JFM"
"726",2010-01-26,2.552,0.100472440944882,Jan 2010,1,2010,"JFM"
"727",2010-02-01,1.929,0.0759448818897638,Feb 2010,2,2010,"JFM"
"728",2010-02-06,15.337,0.603818897637795,Feb 2010,2,2010,"JFM"
"729",2010-02-11,2.244,0.0883464566929134,Feb 2010,2,2010,"JFM"
"730",2010-02-16,1.906,0.0750393700787402,Feb 2010,2,2010,"JFM"
"731",2010-02-21,4.709,0.185393700787402,Feb 2010,2,2010,"JFM"
"732",2010-02-26,1.162,0.045748031496063,Feb 2010,2,2010,"JFM"
"733",2010-03-01,1.057,0.0416141732283465,Mar 2010,3,2010,"JFM"
"734",2010-03-06,0.982,0.0386614173228346,Mar 2010,3,2010,"JFM"
"735",2010-03-11,0.836,0.0329133858267717,Mar 2010,3,2010,"JFM"
"736",2010-03-16,0.879,0.0346062992125984,Mar 2010,3,2010,"JFM"
"737",2010-03-21,0.835,0.0328740157480315,Mar 2010,3,2010,"JFM"
"738",2010-03-26,0.98,0.0385826771653543,Mar 2010,3,2010,"JFM"
"739",2010-04-01,0.568,0.0223622047244094,Apr 2010,4,2010,"AMJ"
"740",2010-04-06,0.45,0.0177165354330709,Apr 2010,4,2010,"AMJ"
"741",2010-04-11,0.393,0.0154724409448819,Apr 2010,4,2010,"AMJ"
"742",2010-04-16,0.543,0.0213779527559055,Apr 2010,4,2010,"AMJ"
"743",2010-04-21,0.384,0.0151181102362205,Apr 2010,4,2010,"AMJ"
"744",2010-04-26,1.97,0.0775590551181102,Apr 2010,4,2010,"AMJ"
"745",2010-05-01,2.651,0.104370078740157,May 2010,5,2010,"AMJ"
"746",2010-05-06,1.359,0.053503937007874,May 2010,5,2010,"AMJ"
"747",2010-05-11,0.633,0.0249212598425197,May 2010,5,2010,"AMJ"
"748",2010-05-16,0.706,0.0277952755905512,May 2010,5,2010,"AMJ"
"749",2010-05-21,0.857,0.033740157480315,May 2010,5,2010,"AMJ"
"750",2010-05-26,3.351,0.131929133858268,May 2010,5,2010,"AMJ"
"751",2010-06-01,10.033,0.395,Jun 2010,6,2010,"AMJ"
"752",2010-06-06,5.268,0.20740157480315,Jun 2010,6,2010,"AMJ"
"753",2010-06-11,5.143,0.20248031496063,Jun 2010,6,2010,"AMJ"
"754",2010-06-16,4.101,0.161456692913386,Jun 2010,6,2010,"AMJ"
"755",2010-06-21,9.972,0.39259842519685,Jun 2010,6,2010,"AMJ"
"756",2010-06-26,4.846,0.190787401574803,Jun 2010,6,2010,"AMJ"
"757",2010-07-01,78.013,3.07137795275591,Jul 2010,7,2010,"JAS"
"758",2010-07-06,37.151,1.46263779527559,Jul 2010,7,2010,"JAS"
"759",2010-07-11,22.235,0.875393700787402,Jul 2010,7,2010,"JAS"
"760",2010-07-16,33.783,1.33003937007874,Jul 2010,7,2010,"JAS"
"761",2010-07-21,46.334,1.82417322834646,Jul 2010,7,2010,"JAS"
"762",2010-07-26,59.73,2.35157480314961,Jul 2010,7,2010,"JAS"
"763",2010-08-01,62.058,2.44322834645669,Aug 2010,8,2010,"JAS"
"764",2010-08-06,18.4,0.724409448818898,Aug 2010,8,2010,"JAS"
"765",2010-08-11,63.495,2.4998031496063,Aug 2010,8,2010,"JAS"
"766",2010-08-16,66.083,2.60169291338583,Aug 2010,8,2010,"JAS"
"767",2010-08-21,80.266,3.16007874015748,Aug 2010,8,2010,"JAS"
"768",2010-08-26,28.509,1.12240157480315,Aug 2010,8,2010,"JAS"
"769",2010-09-01,98.758,3.88811023622047,Sep 2010,9,2010,"JAS"
"770",2010-09-06,73.495,2.89350393700787,Sep 2010,9,2010,"JAS"
"771",2010-09-11,96.224,3.78834645669291,Sep 2010,9,2010,"JAS"
"772",2010-09-16,52.054,2.04937007874016,Sep 2010,9,2010,"JAS"
"773",2010-09-21,86.723,3.41429133858268,Sep 2010,9,2010,"JAS"
"774",2010-09-26,8.326,0.327795275590551,Sep 2010,9,2010,"JAS"
"775",2010-10-01,1.791,0.070511811023622,Oct 2010,10,2010,"OND"
"776",2010-10-06,1.491,0.0587007874015748,Oct 2010,10,2010,"OND"
"777",2010-10-11,1.82,0.0716535433070866,Oct 2010,10,2010,"OND"
"778",2010-10-16,1.833,0.0721653543307087,Oct 2010,10,2010,"OND"
"779",2010-10-21,2.907,0.114448818897638,Oct 2010,10,2010,"OND"
"780",2010-10-26,2.052,0.0807874015748032,Oct 2010,10,2010,"OND"
"781",2010-11-01,1.765,0.069488188976378,Nov 2010,11,2010,"OND"
"782",2010-11-06,0.997,0.039251968503937,Nov 2010,11,2010,"OND"
"783",2010-11-11,0.482,0.0189763779527559,Nov 2010,11,2010,"OND"
"784",2010-11-16,1.286,0.0506299212598425,Nov 2010,11,2010,"OND"
"785",2010-11-21,0.436,0.0171653543307087,Nov 2010,11,2010,"OND"
"786",2010-11-26,0.68,0.0267716535433071,Nov 2010,11,2010,"OND"
"787",2010-12-01,0.685,0.0269685039370079,Dec 2010,12,2010,"OND"
"788",2010-12-06,0.779,0.0306692913385827,Dec 2010,12,2010,"OND"
"789",2010-12-11,0.804,0.0316535433070866,Dec 2010,12,2010,"OND"
"790",2010-12-16,0.791,0.0311417322834646,Dec 2010,12,2010,"OND"
"791",2010-12-21,0.802,0.0315748031496063,Dec 2010,12,2010,"OND"
"792",2010-12-26,2.647,0.104212598425197,Dec 2010,12,2010,"OND"
"793",2011-01-01,2.045,0.0805118110236221,Jan 2011,1,2011,"JFM"
"794",2011-01-06,2.13,0.0838582677165354,Jan 2011,1,2011,"JFM"
"795",2011-01-11,2.325,0.0915354330708662,Jan 2011,1,2011,"JFM"
"796",2011-01-16,2.306,0.0907874015748032,Jan 2011,1,2011,"JFM"
"797",2011-01-21,1.925,0.0757874015748032,Jan 2011,1,2011,"JFM"
"798",2011-01-26,2.115,0.0832677165354331,Jan 2011,1,2011,"JFM"
"799",2011-02-01,2.163,0.0851574803149606,Feb 2011,2,2011,"JFM"
"800",2011-02-06,3.193,0.125708661417323,Feb 2011,2,2011,"JFM"
"801",2011-02-11,11.63,0.457874015748032,Feb 2011,2,2011,"JFM"
"802",2011-02-16,7.832,0.308346456692913,Feb 2011,2,2011,"JFM"
"803",2011-02-21,8.435,0.332086614173228,Feb 2011,2,2011,"JFM"
"804",2011-02-26,2.061,0.0811417322834646,Feb 2011,2,2011,"JFM"
"805",2011-03-01,4.99,0.196456692913386,Mar 2011,3,2011,"JFM"
"806",2011-03-06,0.799,0.0314566929133858,Mar 2011,3,2011,"JFM"
"807",2011-03-11,0.79,0.0311023622047244,Mar 2011,3,2011,"JFM"
"808",2011-03-16,1.874,0.0737795275590551,Mar 2011,3,2011,"JFM"
"809",2011-03-21,2.111,0.0831102362204724,Mar 2011,3,2011,"JFM"
"810",2011-03-26,1.579,0.0621653543307087,Mar 2011,3,2011,"JFM"
"811",2011-04-01,1.233,0.0485433070866142,Apr 2011,4,2011,"AMJ"
"812",2011-04-06,2.651,0.104370078740157,Apr 2011,4,2011,"AMJ"
"813",2011-04-11,1.676,0.0659842519685039,Apr 2011,4,2011,"AMJ"
"814",2011-04-16,4.265,0.167913385826772,Apr 2011,4,2011,"AMJ"
"815",2011-04-21,0.512,0.0201574803149606,Apr 2011,4,2011,"AMJ"
"816",2011-04-26,0.541,0.0212992125984252,Apr 2011,4,2011,"AMJ"
"817",2011-05-01,0.706,0.0277952755905512,May 2011,5,2011,"AMJ"
"818",2011-05-06,1.526,0.0600787401574803,May 2011,5,2011,"AMJ"
"819",2011-05-11,1.004,0.0395275590551181,May 2011,5,2011,"AMJ"
"820",2011-05-16,3.42,0.134645669291339,May 2011,5,2011,"AMJ"
"821",2011-05-21,15.033,0.591850393700787,May 2011,5,2011,"AMJ"
"822",2011-05-26,18.502,0.728425196850394,May 2011,5,2011,"AMJ"
"823",2011-06-01,9.366,0.368740157480315,Jun 2011,6,2011,"AMJ"
"824",2011-06-06,5.374,0.211574803149606,Jun 2011,6,2011,"AMJ"
"825",2011-06-11,14.422,0.567795275590551,Jun 2011,6,2011,"AMJ"
"826",2011-06-16,16.609,0.653897637795276,Jun 2011,6,2011,"AMJ"
"827",2011-06-21,19.707,0.775866141732284,Jun 2011,6,2011,"AMJ"
"828",2011-06-26,43.396,1.70850393700787,Jun 2011,6,2011,"AMJ"
"829",2011-07-01,7.387,0.290826771653543,Jul 2011,7,2011,"JAS"
"830",2011-07-06,46.088,1.81448818897638,Jul 2011,7,2011,"JAS"
"831",2011-07-11,39.209,1.54366141732283,Jul 2011,7,2011,"JAS"
"832",2011-07-16,28.345,1.11594488188976,Jul 2011,7,2011,"JAS"
"833",2011-07-21,16.639,0.65507874015748,Jul 2011,7,2011,"JAS"
"834",2011-07-26,54.242,2.13551181102362,Jul 2011,7,2011,"JAS"
"835",2011-08-01,37.078,1.45976377952756,Aug 2011,8,2011,"JAS"
"836",2011-08-06,24.017,0.945551181102362,Aug 2011,8,2011,"JAS"
"837",2011-08-11,77.141,3.03704724409449,Aug 2011,8,2011,"JAS"
"838",2011-08-16,45.953,1.80917322834646,Aug 2011,8,2011,"JAS"
"839",2011-08-21,49.177,1.93610236220472,Aug 2011,8,2011,"JAS"
"840",2011-08-26,25.115,0.988779527559055,Aug 2011,8,2011,"JAS"
"841",2011-09-01,74.838,2.94637795275591,Sep 2011,9,2011,"JAS"
"842",2011-09-06,125.673,4.94775590551181,Sep 2011,9,2011,"JAS"
"843",2011-09-11,60.379,2.37712598425197,Sep 2011,9,2011,"JAS"
"844",2011-09-16,22.977,0.904606299212598,Sep 2011,9,2011,"JAS"
"845",2011-09-21,13.544,0.533228346456693,Sep 2011,9,2011,"JAS"
"846",2011-09-26,7.973,0.313897637795276,Sep 2011,9,2011,"JAS"
"847",2011-10-01,1.599,0.0629527559055118,Oct 2011,10,2011,"OND"
"848",2011-10-06,1.914,0.0753543307086614,Oct 2011,10,2011,"OND"
"849",2011-10-11,1.537,0.060511811023622,Oct 2011,10,2011,"OND"
"850",2011-10-16,1.574,0.0619685039370079,Oct 2011,10,2011,"OND"
"851",2011-10-21,1.658,0.0652755905511811,Oct 2011,10,2011,"OND"
"852",2011-10-26,1.72,0.0677165354330709,Oct 2011,10,2011,"OND"
"853",2011-11-01,0.95,0.0374015748031496,Nov 2011,11,2011,"OND"
"854",2011-11-06,0.542,0.0213385826771654,Nov 2011,11,2011,"OND"
"855",2011-11-11,0.267,0.010511811023622,Nov 2011,11,2011,"OND"
"856",2011-11-16,0.205,0.00807086614173228,Nov 2011,11,2011,"OND"
"857",2011-11-21,0.25,0.00984251968503937,Nov 2011,11,2011,"OND"
"858",2011-11-26,0.376,0.0148031496062992,Nov 2011,11,2011,"OND"
"859",2011-12-01,0.708,0.0278740157480315,Dec 2011,12,2011,"OND"
"860",2011-12-06,0.923,0.0363385826771654,Dec 2011,12,2011,"OND"
"861",2011-12-11,0.827,0.0325590551181102,Dec 2011,12,2011,"OND"
"862",2011-12-16,0.814,0.0320472440944882,Dec 2011,12,2011,"OND"
"863",2011-12-21,0.83,0.0326771653543307,Dec 2011,12,2011,"OND"
"864",2011-12-26,1.208,0.0475590551181102,Dec 2011,12,2011,"OND"
"865",2012-01-01,3.187,0.125472440944882,Jan 2012,1,2012,"JFM"
"866",2012-01-06,4.65,0.183070866141732,Jan 2012,1,2012,"JFM"
"867",2012-01-11,2.755,0.108464566929134,Jan 2012,1,2012,"JFM"
"868",2012-01-16,4.481,0.176417322834646,Jan 2012,1,2012,"JFM"
"869",2012-01-21,2.364,0.0930708661417323,Jan 2012,1,2012,"JFM"
"870",2012-01-26,2.696,0.106141732283465,Jan 2012,1,2012,"JFM"
"871",2012-02-01,1.748,0.0688188976377953,Feb 2012,2,2012,"JFM"
"872",2012-02-06,2.124,0.0836220472440945,Feb 2012,2,2012,"JFM"
"873",2012-02-11,1.662,0.0654330708661417,Feb 2012,2,2012,"JFM"
"874",2012-02-16,1.893,0.0745275590551181,Feb 2012,2,2012,"JFM"
"875",2012-02-21,1.663,0.0654724409448819,Feb 2012,2,2012,"JFM"
"876",2012-02-26,1.077,0.0424015748031496,Feb 2012,2,2012,"JFM"
"877",2012-03-01,1.106,0.0435433070866142,Mar 2012,3,2012,"JFM"
"878",2012-03-06,0.99,0.0389763779527559,Mar 2012,3,2012,"JFM"
"879",2012-03-11,1.329,0.0523228346456693,Mar 2012,3,2012,"JFM"
"880",2012-03-16,1.002,0.0394488188976378,Mar 2012,3,2012,"JFM"
"881",2012-03-21,1.09,0.0429133858267717,Mar 2012,3,2012,"JFM"
"882",2012-03-26,1.61,0.0633858267716536,Mar 2012,3,2012,"JFM"
"883",2012-04-01,1.049,0.0412992125984252,Apr 2012,4,2012,"AMJ"
"884",2012-04-06,3.98,0.156692913385827,Apr 2012,4,2012,"AMJ"
"885",2012-04-11,8.05,0.316929133858268,Apr 2012,4,2012,"AMJ"
"886",2012-04-16,1.887,0.0742913385826772,Apr 2012,4,2012,"AMJ"
"887",2012-04-21,0.854,0.0336220472440945,Apr 2012,4,2012,"AMJ"
"888",2012-04-26,0.828,0.0325984251968504,Apr 2012,4,2012,"AMJ"
"889",2012-05-01,0.559,0.022007874015748,May 2012,5,2012,"AMJ"
"890",2012-05-06,3.514,0.138346456692913,May 2012,5,2012,"AMJ"
"891",2012-05-11,2.022,0.0796062992125984,May 2012,5,2012,"AMJ"
"892",2012-05-16,0.599,0.0235826771653543,May 2012,5,2012,"AMJ"
"893",2012-05-21,0.626,0.0246456692913386,May 2012,5,2012,"AMJ"
"894",2012-05-26,0.994,0.0391338582677165,May 2012,5,2012,"AMJ"
"895",2012-06-01,3.953,0.155629921259843,Jun 2012,6,2012,"AMJ"
"896",2012-06-06,2.892,0.113858267716535,Jun 2012,6,2012,"AMJ"
"897",2012-06-11,2.73,0.10748031496063,Jun 2012,6,2012,"AMJ"
"898",2012-06-16,5.02,0.197637795275591,Jun 2012,6,2012,"AMJ"
"899",2012-06-21,2.445,0.096259842519685,Jun 2012,6,2012,"AMJ"
"900",2012-06-26,4.568,0.179842519685039,Jun 2012,6,2012,"AMJ"
"901",2012-07-01,12.553,0.494212598425197,Jul 2012,7,2012,"JAS"
"902",2012-07-06,36.608,1.44125984251968,Jul 2012,7,2012,"JAS"
"903",2012-07-11,20.869,0.821614173228347,Jul 2012,7,2012,"JAS"
"904",2012-07-16,5.027,0.197913385826772,Jul 2012,7,2012,"JAS"
"905",2012-07-21,23.284,0.916692913385827,Jul 2012,7,2012,"JAS"
"906",2012-07-26,78.603,3.0946062992126,Jul 2012,7,2012,"JAS"
"907",2012-08-01,40.193,1.58240157480315,Aug 2012,8,2012,"JAS"
"908",2012-08-06,87.352,3.43905511811024,Aug 2012,8,2012,"JAS"
"909",2012-08-11,49.784,1.96,Aug 2012,8,2012,"JAS"
"910",2012-08-16,53.392,2.10204724409449,Aug 2012,8,2012,"JAS"
"911",2012-08-21,110.778,4.36133858267717,Aug 2012,8,2012,"JAS"
"912",2012-08-26,99.149,3.90350393700787,Aug 2012,8,2012,"JAS"
"913",2012-09-01,36.673,1.4438188976378,Sep 2012,9,2012,"JAS"
"914",2012-09-06,16.796,0.661259842519685,Sep 2012,9,2012,"JAS"
"915",2012-09-11,114.89,4.52322834645669,Sep 2012,9,2012,"JAS"
"916",2012-09-16,29.169,1.14838582677165,Sep 2012,9,2012,"JAS"
"917",2012-09-21,10.466,0.412047244094488,Sep 2012,9,2012,"JAS"
"918",2012-09-26,12.951,0.50988188976378,Sep 2012,9,2012,"JAS"
"919",2012-10-01,1.295,0.0509842519685039,Oct 2012,10,2012,"OND"
"920",2012-10-06,1.3,0.0511811023622047,Oct 2012,10,2012,"OND"
"921",2012-10-11,1.486,0.058503937007874,Oct 2012,10,2012,"OND"
"922",2012-10-16,1.598,0.0629133858267717,Oct 2012,10,2012,"OND"
"923",2012-10-21,4.16,0.163779527559055,Oct 2012,10,2012,"OND"
"924",2012-10-26,1.748,0.0688188976377953,Oct 2012,10,2012,"OND"
"925",2012-11-01,0.977,0.0384645669291339,Nov 2012,11,2012,"OND"
"926",2012-11-06,0.558,0.0219685039370079,Nov 2012,11,2012,"OND"
"927",2012-11-11,0.274,0.0107874015748032,Nov 2012,11,2012,"OND"
"928",2012-11-16,0.211,0.00830708661417323,Nov 2012,11,2012,"OND"
"929",2012-11-21,0.256,0.0100787401574803,Nov 2012,11,2012,"OND"
"930",2012-11-26,0.564,0.0222047244094488,Nov 2012,11,2012,"OND"
"931",2012-12-01,0.748,0.0294488188976378,Dec 2012,12,2012,"OND"
"932",2012-12-06,0.866,0.0340944881889764,Dec 2012,12,2012,"OND"
"933",2012-12-11,1.331,0.0524015748031496,Dec 2012,12,2012,"OND"
"934",2012-12-16,0.861,0.0338976377952756,Dec 2012,12,2012,"OND"
"935",2012-12-21,0.874,0.0344094488188976,Dec 2012,12,2012,"OND"
"936",2012-12-26,1.34,0.052755905511811,Dec 2012,12,2012,"OND"
"937",2013-01-01,3.864,0.152125984251969,Jan 2013,1,2013,"JFM"
"938",2013-01-06,3.964,0.156062992125984,Jan 2013,1,2013,"JFM"
"939",2013-01-11,3.856,0.151811023622047,Jan 2013,1,2013,"JFM"
"940",2013-01-16,8.237,0.324291338582677,Jan 2013,1,2013,"JFM"
"941",2013-01-21,3.197,0.125866141732283,Jan 2013,1,2013,"JFM"
"942",2013-01-26,4.216,0.165984251968504,Jan 2013,1,2013,"JFM"
"943",2013-02-01,23.053,0.907598425196851,Feb 2013,2,2013,"JFM"
"944",2013-02-06,2.26,0.0889763779527559,Feb 2013,2,2013,"JFM"
"945",2013-02-11,13.062,0.514251968503937,Feb 2013,2,2013,"JFM"
"946",2013-02-16,15.561,0.612637795275591,Feb 2013,2,2013,"JFM"
"947",2013-02-21,18.452,0.726456692913386,Feb 2013,2,2013,"JFM"
"948",2013-02-26,1.252,0.0492913385826772,Feb 2013,2,2013,"JFM"
"949",2013-03-01,0.932,0.0366929133858268,Mar 2013,3,2013,"JFM"
"950",2013-03-06,0.887,0.0349212598425197,Mar 2013,3,2013,"JFM"
"951",2013-03-11,2.592,0.102047244094488,Mar 2013,3,2013,"JFM"
"952",2013-03-16,2.159,0.085,Mar 2013,3,2013,"JFM"
"953",2013-03-21,2.537,0.0998818897637795,Mar 2013,3,2013,"JFM"
"954",2013-03-26,5.078,0.19992125984252,Mar 2013,3,2013,"JFM"
"955",2013-04-01,3.287,0.129409448818898,Apr 2013,4,2013,"AMJ"
"956",2013-04-06,0.509,0.0200393700787402,Apr 2013,4,2013,"AMJ"
"957",2013-04-11,0.596,0.0234645669291339,Apr 2013,4,2013,"AMJ"
"958",2013-04-16,0.706,0.0277952755905512,Apr 2013,4,2013,"AMJ"
"959",2013-04-21,0.91,0.0358267716535433,Apr 2013,4,2013,"AMJ"
"960",2013-04-26,0.562,0.0221259842519685,Apr 2013,4,2013,"AMJ"
"961",2013-05-01,0.58,0.0228346456692913,May 2013,5,2013,"AMJ"
"962",2013-05-06,0.61,0.0240157480314961,May 2013,5,2013,"AMJ"
"963",2013-05-11,0.725,0.0285433070866142,May 2013,5,2013,"AMJ"
"964",2013-05-16,0.63,0.0248031496062992,May 2013,5,2013,"AMJ"
"965",2013-05-21,0.694,0.0273228346456693,May 2013,5,2013,"AMJ"
"966",2013-05-26,1.697,0.0668110236220472,May 2013,5,2013,"AMJ"
"967",2013-06-01,2.779,0.109409448818898,Jun 2013,6,2013,"AMJ"
"968",2013-06-06,17.554,0.691102362204724,Jun 2013,6,2013,"AMJ"
"969",2013-06-11,72.469,2.85311023622047,Jun 2013,6,2013,"AMJ"
"970",2013-06-16,19.877,0.78255905511811,Jun 2013,6,2013,"AMJ"
"971",2013-06-21,17.019,0.67003937007874,Jun 2013,6,2013,"AMJ"
"972",2013-06-26,57.058,2.24637795275591,Jun 2013,6,2013,"AMJ"
"973",2013-07-01,12.954,0.51,Jul 2013,7,2013,"JAS"
"974",2013-07-06,74.987,2.95224409448819,Jul 2013,7,2013,"JAS"
"975",2013-07-11,20.388,0.802677165354331,Jul 2013,7,2013,"JAS"
"976",2013-07-16,77.18,3.03858267716535,Jul 2013,7,2013,"JAS"
"977",2013-07-21,24.525,0.965551181102362,Jul 2013,7,2013,"JAS"
"978",2013-07-26,62.019,2.44169291338583,Jul 2013,7,2013,"JAS"
"979",2013-08-01,39.811,1.56736220472441,Aug 2013,8,2013,"JAS"
"980",2013-08-06,74.105,2.91751968503937,Aug 2013,8,2013,"JAS"
"981",2013-08-11,29.647,1.16720472440945,Aug 2013,8,2013,"JAS"
"982",2013-08-16,76.976,3.03055118110236,Aug 2013,8,2013,"JAS"
"983",2013-08-21,37.821,1.4890157480315,Aug 2013,8,2013,"JAS"
"984",2013-08-26,14.796,0.58251968503937,Aug 2013,8,2013,"JAS"
"985",2013-09-01,10.331,0.406732283464567,Sep 2013,9,2013,"JAS"
"986",2013-09-06,6.111,0.240590551181102,Sep 2013,9,2013,"JAS"
"987",2013-09-11,10.989,0.432637795275591,Sep 2013,9,2013,"JAS"
"988",2013-09-16,10.34,0.407086614173228,Sep 2013,9,2013,"JAS"
"989",2013-09-21,41.625,1.63877952755906,Sep 2013,9,2013,"JAS"
"990",2013-09-26,28.762,1.13236220472441,Sep 2013,9,2013,"JAS"
"991",2013-10-01,38.148,1.50188976377953,Oct 2013,10,2013,"OND"
"992",2013-10-06,2.87,0.112992125984252,Oct 2013,10,2013,"OND"
"993",2013-10-11,17.236,0.678582677165354,Oct 2013,10,2013,"OND"
"994",2013-10-16,2.76,0.108661417322835,Oct 2013,10,2013,"OND"
"995",2013-10-21,3.006,0.118346456692913,Oct 2013,10,2013,"OND"
"996",2013-10-26,3.122,0.122913385826772,Oct 2013,10,2013,"OND"
"997",2013-11-01,1.047,0.0412204724409449,Nov 2013,11,2013,"OND"
"998",2013-11-06,0.763,0.0300393700787402,Nov 2013,11,2013,"OND"
"999",2013-11-11,0.285,0.0112204724409449,Nov 2013,11,2013,"OND"
"1000",2013-11-16,0.223,0.00877952755905512,Nov 2013,11,2013,"OND"
"1001",2013-11-21,0.275,0.0108267716535433,Nov 2013,11,2013,"OND"
"1002",2013-11-26,0.422,0.0166141732283465,Nov 2013,11,2013,"OND"
"1003",2013-12-01,0.829,0.0326377952755906,Dec 2013,12,2013,"OND"
"1004",2013-12-06,0.974,0.0383464566929134,Dec 2013,12,2013,"OND"
"1005",2013-12-11,0.999,0.0393307086614173,Dec 2013,12,2013,"OND"
"1006",2013-12-16,0.938,0.0369291338582677,Dec 2013,12,2013,"OND"
"1007",2013-12-21,1.116,0.0439370078740158,Dec 2013,12,2013,"OND"
"1008",2013-12-26,2.682,0.105590551181102,Dec 2013,12,2013,"OND"
"1009",2014-01-01,2.98,0.117322834645669,Jan 2014,1,2014,"JFM"
"1010",2014-01-06,2.847,0.112086614173228,Jan 2014,1,2014,"JFM"
"1011",2014-01-11,3.408,0.134173228346457,Jan 2014,1,2014,"JFM"
"1012",2014-01-16,6.374,0.250944881889764,Jan 2014,1,2014,"JFM"
"1013",2014-01-21,14.497,0.570748031496063,Jan 2014,1,2014,"JFM"
"1014",2014-01-26,2.645,0.104133858267717,Jan 2014,1,2014,"JFM"
"1015",2014-02-01,2.894,0.113937007874016,Feb 2014,2,2014,"JFM"
"1016",2014-02-06,3.472,0.136692913385827,Feb 2014,2,2014,"JFM"
"1017",2014-02-11,3.741,0.147283464566929,Feb 2014,2,2014,"JFM"
"1018",2014-02-16,3.82,0.150393700787402,Feb 2014,2,2014,"JFM"
"1019",2014-02-21,5.031,0.198070866141732,Feb 2014,2,2014,"JFM"
"1020",2014-02-26,11.062,0.435511811023622,Feb 2014,2,2014,"JFM"
"1021",2014-03-01,3.978,0.156614173228346,Mar 2014,3,2014,"JFM"
"1022",2014-03-06,9.904,0.38992125984252,Mar 2014,3,2014,"JFM"
"1023",2014-03-11,4.382,0.17251968503937,Mar 2014,3,2014,"JFM"
"1024",2014-03-16,2.234,0.0879527559055118,Mar 2014,3,2014,"JFM"
"1025",2014-03-21,8.875,0.349409448818898,Mar 2014,3,2014,"JFM"
"1026",2014-03-26,9.028,0.355433070866142,Mar 2014,3,2014,"JFM"
"1027",2014-04-01,0.637,0.0250787401574803,Apr 2014,4,2014,"AMJ"
"1028",2014-04-06,0.588,0.0231496062992126,Apr 2014,4,2014,"AMJ"
"1029",2014-04-11,1.619,0.063740157480315,Apr 2014,4,2014,"AMJ"
"1030",2014-04-16,5.868,0.231023622047244,Apr 2014,4,2014,"AMJ"
"1031",2014-04-21,0.476,0.018740157480315,Apr 2014,4,2014,"AMJ"
"1032",2014-04-26,0.391,0.0153937007874016,Apr 2014,4,2014,"AMJ"
"1033",2014-05-01,4.567,0.179803149606299,May 2014,5,2014,"AMJ"
"1034",2014-05-06,1.113,0.0438188976377953,May 2014,5,2014,"AMJ"
"1035",2014-05-11,8.066,0.31755905511811,May 2014,5,2014,"AMJ"
"1036",2014-05-16,0.554,0.0218110236220472,May 2014,5,2014,"AMJ"
"1037",2014-05-21,5.597,0.220354330708661,May 2014,5,2014,"AMJ"
"1038",2014-05-26,14.922,0.58748031496063,May 2014,5,2014,"AMJ"
"1039",2014-06-01,7.575,0.298228346456693,Jun 2014,6,2014,"AMJ"
"1040",2014-06-06,2.681,0.105551181102362,Jun 2014,6,2014,"AMJ"
"1041",2014-06-11,3.935,0.15492125984252,Jun 2014,6,2014,"AMJ"
"1042",2014-06-16,8.469,0.333425196850394,Jun 2014,6,2014,"AMJ"
"1043",2014-06-21,4.399,0.173188976377953,Jun 2014,6,2014,"AMJ"
"1044",2014-06-26,9.292,0.365826771653543,Jun 2014,6,2014,"AMJ"
"1045",2014-07-01,11.47,0.451574803149606,Jul 2014,7,2014,"JAS"
"1046",2014-07-06,7.876,0.31007874015748,Jul 2014,7,2014,"JAS"
"1047",2014-07-11,20.94,0.824409448818898,Jul 2014,7,2014,"JAS"
"1048",2014-07-16,38.141,1.50161417322835,Jul 2014,7,2014,"JAS"
"1049",2014-07-21,19.56,0.77007874015748,Jul 2014,7,2014,"JAS"
"1050",2014-07-26,21.73,0.855511811023622,Jul 2014,7,2014,"JAS"
"1051",2014-08-01,55.273,2.17610236220472,Aug 2014,8,2014,"JAS"
"1052",2014-08-06,43.372,1.70755905511811,Aug 2014,8,2014,"JAS"
"1053",2014-08-11,10.95,0.431102362204724,Aug 2014,8,2014,"JAS"
"1054",2014-08-16,2.049,0.0806692913385827,Aug 2014,8,2014,"JAS"
"1055",2014-08-21,1.902,0.0748818897637795,Aug 2014,8,2014,"JAS"
"1056",2014-08-26,29.531,1.16263779527559,Aug 2014,8,2014,"JAS"
"1057",2014-09-01,51.632,2.03275590551181,Sep 2014,9,2014,"JAS"
"1058",2014-09-06,15.221,0.599251968503937,Sep 2014,9,2014,"JAS"
"1059",2014-09-11,14.976,0.589606299212598,Sep 2014,9,2014,"JAS"
"1060",2014-09-16,4.784,0.188346456692913,Sep 2014,9,2014,"JAS"
"1061",2014-09-21,5.644,0.222204724409449,Sep 2014,9,2014,"JAS"
"1062",2014-09-26,7.918,0.311732283464567,Sep 2014,9,2014,"JAS"
"1063",2014-10-01,3.919,0.154291338582677,Oct 2014,10,2014,"OND"
"1064",2014-10-06,6.295,0.247834645669291,Oct 2014,10,2014,"OND"
"1065",2014-10-11,3.96,0.155905511811024,Oct 2014,10,2014,"OND"
"1066",2014-10-16,4.072,0.160314960629921,Oct 2014,10,2014,"OND"
"1067",2014-10-21,4.103,0.161535433070866,Oct 2014,10,2014,"OND"
"1068",2014-10-26,4.392,0.172913385826772,Oct 2014,10,2014,"OND"
"1069",2014-11-01,0.956,0.0376377952755906,Nov 2014,11,2014,"OND"
"1070",2014-11-06,0.619,0.0243700787401575,Nov 2014,11,2014,"OND"
"1071",2014-11-11,0.281,0.0110629921259843,Nov 2014,11,2014,"OND"
"1072",2014-11-16,0.219,0.00862204724409449,Nov 2014,11,2014,"OND"
"1073",2014-11-21,0.271,0.0106692913385827,Nov 2014,11,2014,"OND"
"1074",2014-11-26,0.417,0.0164173228346457,Nov 2014,11,2014,"OND"
"1075",2014-12-01,1.252,0.0492913385826772,Dec 2014,12,2014,"OND"
"1076",2014-12-06,1.474,0.0580314960629921,Dec 2014,12,2014,"OND"
"1077",2014-12-11,1.516,0.0596850393700787,Dec 2014,12,2014,"OND"
"1078",2014-12-16,1.436,0.0565354330708661,Dec 2014,12,2014,"OND"
"1079",2014-12-21,1.397,0.055,Dec 2014,12,2014,"OND"
"1080",2014-12-26,2.293,0.0902755905511811,Dec 2014,12,2014,"OND"
"1081",2015-01-01,8.106,0.319133858267717,Jan 2015,1,2015,"JFM"
"1082",2015-01-06,2.943,0.115866141732283,Jan 2015,1,2015,"JFM"
"1083",2015-01-11,4.848,0.190866141732283,Jan 2015,1,2015,"JFM"
"1084",2015-01-16,2.813,0.110748031496063,Jan 2015,1,2015,"JFM"
"1085",2015-01-21,5.722,0.225275590551181,Jan 2015,1,2015,"JFM"
"1086",2015-01-26,4.22,0.166141732283465,Jan 2015,1,2015,"JFM"
"1087",2015-02-01,2.741,0.107913385826772,Feb 2015,2,2015,"JFM"
"1088",2015-02-06,1.327,0.052244094488189,Feb 2015,2,2015,"JFM"
"1089",2015-02-11,1.441,0.0567322834645669,Feb 2015,2,2015,"JFM"
"1090",2015-02-16,2.92,0.11496062992126,Feb 2015,2,2015,"JFM"
"1091",2015-02-21,7.57,0.298031496062992,Feb 2015,2,2015,"JFM"
"1092",2015-02-26,3.594,0.141496062992126,Feb 2015,2,2015,"JFM"
"1093",2015-03-01,26.687,1.05066929133858,Mar 2015,3,2015,"JFM"
"1094",2015-03-06,8.428,0.331811023622047,Mar 2015,3,2015,"JFM"
"1095",2015-03-11,19.646,0.773464566929134,Mar 2015,3,2015,"JFM"
"1096",2015-03-16,3.311,0.130354330708661,Mar 2015,3,2015,"JFM"
"1097",2015-03-21,1.577,0.0620866141732283,Mar 2015,3,2015,"JFM"
"1098",2015-03-26,16.214,0.638346456692913,Mar 2015,3,2015,"JFM"
"1099",2015-04-01,10.025,0.394685039370079,Apr 2015,4,2015,"AMJ"
"1100",2015-04-06,0.695,0.0273622047244094,Apr 2015,4,2015,"AMJ"
"1101",2015-04-11,3.426,0.13488188976378,Apr 2015,4,2015,"AMJ"
"1102",2015-04-16,0.455,0.0179133858267717,Apr 2015,4,2015,"AMJ"
"1103",2015-04-21,0.487,0.0191732283464567,Apr 2015,4,2015,"AMJ"
"1104",2015-04-26,1.133,0.0446062992125984,Apr 2015,4,2015,"AMJ"
"1105",2015-05-01,1.558,0.0613385826771654,May 2015,5,2015,"AMJ"
"1106",2015-05-06,1.022,0.040236220472441,May 2015,5,2015,"AMJ"
"1107",2015-05-11,3.361,0.132322834645669,May 2015,5,2015,"AMJ"
"1108",2015-05-16,3.033,0.119409448818898,May 2015,5,2015,"AMJ"
"1109",2015-05-21,0.655,0.0257874015748032,May 2015,5,2015,"AMJ"
"1110",2015-05-26,1.251,0.049251968503937,May 2015,5,2015,"AMJ"
"1111",2015-06-01,6.807,0.267992125984252,Jun 2015,6,2015,"AMJ"
"1112",2015-06-06,4.135,0.162795275590551,Jun 2015,6,2015,"AMJ"
"1113",2015-06-11,11.499,0.452716535433071,Jun 2015,6,2015,"AMJ"
"1114",2015-06-16,6.938,0.273149606299213,Jun 2015,6,2015,"AMJ"
"1115",2015-06-21,32.639,1.285,Jun 2015,6,2015,"AMJ"
"1116",2015-06-26,11.782,0.463858267716535,Jun 2015,6,2015,"AMJ"
"1117",2015-07-01,7.64,0.300787401574803,Jul 2015,7,2015,"JAS"
"1118",2015-07-06,43.918,1.72905511811024,Jul 2015,7,2015,"JAS"
"1119",2015-07-11,52.808,2.07905511811024,Jul 2015,7,2015,"JAS"
"1120",2015-07-16,37.753,1.48633858267717,Jul 2015,7,2015,"JAS"
"1121",2015-07-21,7.098,0.279448818897638,Jul 2015,7,2015,"JAS"
"1122",2015-07-26,18.655,0.734448818897638,Jul 2015,7,2015,"JAS"
"1123",2015-08-01,23.184,0.912755905511811,Aug 2015,8,2015,"JAS"
"1124",2015-08-06,67.521,2.65830708661417,Aug 2015,8,2015,"JAS"
"1125",2015-08-11,82.437,3.24555118110236,Aug 2015,8,2015,"JAS"
"1126",2015-08-16,15.804,0.622204724409449,Aug 2015,8,2015,"JAS"
"1127",2015-08-21,10.854,0.427322834645669,Aug 2015,8,2015,"JAS"
"1128",2015-08-26,5.405,0.212795275590551,Aug 2015,8,2015,"JAS"
"1129",2015-09-01,4.208,0.165669291338583,Sep 2015,9,2015,"JAS"
"1130",2015-09-06,2.863,0.112716535433071,Sep 2015,9,2015,"JAS"
"1131",2015-09-11,3.883,0.152874015748031,Sep 2015,9,2015,"JAS"
"1132",2015-09-16,32.987,1.29870078740158,Sep 2015,9,2015,"JAS"
"1133",2015-09-21,10.72,0.422047244094488,Sep 2015,9,2015,"JAS"
"1134",2015-09-26,9.322,0.367007874015748,Sep 2015,9,2015,"JAS"
"1135",2015-10-01,1.221,0.0480708661417323,Oct 2015,10,2015,"OND"
"1136",2015-10-06,1.251,0.049251968503937,Oct 2015,10,2015,"OND"
"1137",2015-10-11,3.62,0.14251968503937,Oct 2015,10,2015,"OND"
"1138",2015-10-16,1.475,0.0580708661417323,Oct 2015,10,2015,"OND"
"1139",2015-10-21,1.671,0.0657874015748032,Oct 2015,10,2015,"OND"
"1140",2015-10-26,5.422,0.213464566929134,Oct 2015,10,2015,"OND"
"1141",2015-11-01,1.128,0.0444094488188976,Nov 2015,11,2015,"OND"
"1142",2015-11-06,0.553,0.0217716535433071,Nov 2015,11,2015,"OND"
"1143",2015-11-11,0.28,0.0110236220472441,Nov 2015,11,2015,"OND"
"1144",2015-11-16,0.211,0.00830708661417323,Nov 2015,11,2015,"OND"
"1145",2015-11-21,0.27,0.0106299212598425,Nov 2015,11,2015,"OND"
"1146",2015-11-26,0.471,0.0185433070866142,Nov 2015,11,2015,"OND"
"1147",2015-12-01,0.732,0.0288188976377953,Dec 2015,12,2015,"OND"
"1148",2015-12-06,0.897,0.0353149606299213,Dec 2015,12,2015,"OND"
"1149",2015-12-11,1.098,0.0432283464566929,Dec 2015,12,2015,"OND"
"1150",2015-12-16,0.823,0.0324015748031496,Dec 2015,12,2015,"OND"
"1151",2015-12-21,0.801,0.0315354330708661,Dec 2015,12,2015,"OND"
"1152",2015-12-26,1.182,0.0465354330708661,Dec 2015,12,2015,"OND"
"1153",2016-01-01,2.19,0.0862204724409449,Jan 2016,1,2016,"JFM"
"1154",2016-01-06,2.234,0.0879527559055118,Jan 2016,1,2016,"JFM"
"1155",2016-01-11,2.042,0.0803937007874016,Jan 2016,1,2016,"JFM"
"1156",2016-01-16,2.058,0.0810236220472441,Jan 2016,1,2016,"JFM"
"1157",2016-01-21,1.718,0.0676377952755906,Jan 2016,1,2016,"JFM"
"1158",2016-01-26,2.12,0.0834645669291339,Jan 2016,1,2016,"JFM"
"1159",2016-02-01,1.431,0.0563385826771654,Feb 2016,2,2016,"JFM"
"1160",2016-02-06,1.271,0.0500393700787402,Feb 2016,2,2016,"JFM"
"1161",2016-02-11,1.33,0.0523622047244095,Feb 2016,2,2016,"JFM"
"1162",2016-02-16,2.159,0.085,Feb 2016,2,2016,"JFM"
"1163",2016-02-21,1.534,0.0603937007874016,Feb 2016,2,2016,"JFM"
"1164",2016-02-26,0.859,0.0338188976377953,Feb 2016,2,2016,"JFM"
"1165",2016-03-01,4.587,0.180590551181102,Mar 2016,3,2016,"JFM"
"1166",2016-03-06,1.426,0.0561417322834646,Mar 2016,3,2016,"JFM"
"1167",2016-03-11,16.629,0.654685039370079,Mar 2016,3,2016,"JFM"
"1168",2016-03-16,1.769,0.0696456692913386,Mar 2016,3,2016,"JFM"
"1169",2016-03-21,1.889,0.0743700787401575,Mar 2016,3,2016,"JFM"
"1170",2016-03-26,2.869,0.112952755905512,Mar 2016,3,2016,"JFM"
"1171",2016-04-01,1.927,0.0758661417322835,Apr 2016,4,2016,"AMJ"
"1172",2016-04-06,0.378,0.0148818897637795,Apr 2016,4,2016,"AMJ"
"1173",2016-04-11,0.24,0.0094488188976378,Apr 2016,4,2016,"AMJ"
"1174",2016-04-16,0.764,0.0300787401574803,Apr 2016,4,2016,"AMJ"
"1175",2016-04-21,0.229,0.00901574803149606,Apr 2016,4,2016,"AMJ"
"1176",2016-04-26,0.258,0.0101574803149606,Apr 2016,4,2016,"AMJ"
"1177",2016-05-01,5.066,0.199448818897638,May 2016,5,2016,"AMJ"
"1178",2016-05-06,2.14,0.084251968503937,May 2016,5,2016,"AMJ"
"1179",2016-05-11,0.954,0.0375590551181102,May 2016,5,2016,"AMJ"
"1180",2016-05-16,0.597,0.023503937007874,May 2016,5,2016,"AMJ"
"1181",2016-05-21,5.45,0.214566929133858,May 2016,5,2016,"AMJ"
"1182",2016-05-26,19.29,0.759448818897638,May 2016,5,2016,"AMJ"
"1183",2016-06-01,4.369,0.172007874015748,Jun 2016,6,2016,"AMJ"
"1184",2016-06-06,7.16,0.281889763779528,Jun 2016,6,2016,"AMJ"
"1185",2016-06-11,6.511,0.256338582677165,Jun 2016,6,2016,"AMJ"
"1186",2016-06-16,17.7,0.696850393700787,Jun 2016,6,2016,"AMJ"
"1187",2016-06-21,12.63,0.497244094488189,Jun 2016,6,2016,"AMJ"
"1188",2016-06-26,37.823,1.48909448818898,Jun 2016,6,2016,"AMJ"
"1189",2016-07-01,52.168,2.05385826771654,Jul 2016,7,2016,"JAS"
"1190",2016-07-06,15.021,0.591377952755906,Jul 2016,7,2016,"JAS"
"1191",2016-07-11,67.449,2.65547244094488,Jul 2016,7,2016,"JAS"
"1192",2016-07-16,73.94,2.91102362204724,Jul 2016,7,2016,"JAS"
"1193",2016-07-21,11.675,0.459645669291339,Jul 2016,7,2016,"JAS"
"1194",2016-07-26,100.608,3.96094488188976,Jul 2016,7,2016,"JAS"
"1195",2016-08-01,22.879,0.900748031496063,Aug 2016,8,2016,"JAS"
"1196",2016-08-06,51.579,2.03066929133858,Aug 2016,8,2016,"JAS"
"1197",2016-08-11,65.31,2.57125984251969,Aug 2016,8,2016,"JAS"
"1198",2016-08-16,20.383,0.80248031496063,Aug 2016,8,2016,"JAS"
"1199",2016-08-21,10.453,0.411535433070866,Aug 2016,8,2016,"JAS"
"1200",2016-08-26,66.525,2.61909448818898,Aug 2016,8,2016,"JAS"
"1201",2016-09-01,15.978,0.629055118110236,Sep 2016,9,2016,"JAS"
"1202",2016-09-06,7.58,0.298425196850394,Sep 2016,9,2016,"JAS"
"1203",2016-09-11,12.271,0.483110236220472,Sep 2016,9,2016,"JAS"
"1204",2016-09-16,8.975,0.353346456692913,Sep 2016,9,2016,"JAS"
"1205",2016-09-21,12.351,0.486259842519685,Sep 2016,9,2016,"JAS"
"1206",2016-09-26,10.432,0.410708661417323,Sep 2016,9,2016,"JAS"
"1207",2016-10-01,14.254,0.561181102362205,Oct 2016,10,2016,"OND"
"1208",2016-10-06,2.681,0.105551181102362,Oct 2016,10,2016,"OND"
"1209",2016-10-11,1.28,0.0503937007874016,Oct 2016,10,2016,"OND"
"1210",2016-10-16,1.32,0.0519685039370079,Oct 2016,10,2016,"OND"
"1211",2016-10-21,1.33,0.0523622047244095,Oct 2016,10,2016,"OND"
"1212",2016-10-26,1.424,0.0560629921259842,Oct 2016,10,2016,"OND"
"1213",2016-11-01,0.938,0.0369291338582677,Nov 2016,11,2016,"OND"
"1214",2016-11-06,0.557,0.0219291338582677,Nov 2016,11,2016,"OND"
"1215",2016-11-11,0.281,0.0110629921259843,Nov 2016,11,2016,"OND"
"1216",2016-11-16,0.216,0.00850393700787402,Nov 2016,11,2016,"OND"
"1217",2016-11-21,0.265,0.0104330708661417,Nov 2016,11,2016,"OND"
"1218",2016-11-26,0.412,0.0162204724409449,Nov 2016,11,2016,"OND"
"1219",2016-12-01,0.746,0.0293700787401575,Dec 2016,12,2016,"OND"
"1220",2016-12-06,0.858,0.0337795275590551,Dec 2016,12,2016,"OND"
"1221",2016-12-11,0.878,0.0345669291338583,Dec 2016,12,2016,"OND"
"1222",2016-12-16,0.841,0.0331102362204724,Dec 2016,12,2016,"OND"
"1223",2016-12-21,0.818,0.0322047244094488,Dec 2016,12,2016,"OND"
"1224",2016-12-26,1.217,0.0479133858267717,Dec 2016,12,2016,"OND"
"1225",2017-01-01,2.378,0.0936220472440945,Jan 2017,1,2017,"JFM"
"1226",2017-01-06,4.871,0.191771653543307,Jan 2017,1,2017,"JFM"
"1227",2017-01-11,2.327,0.0916141732283465,Jan 2017,1,2017,"JFM"
"1228",2017-01-16,2.307,0.0908267716535433,Jan 2017,1,2017,"JFM"
"1229",2017-01-21,5.914,0.232834645669291,Jan 2017,1,2017,"JFM"
"1230",2017-01-26,13.916,0.547874015748032,Jan 2017,1,2017,"JFM"
"1231",2017-02-01,2.05,0.0807086614173228,Feb 2017,2,2017,"JFM"
"1232",2017-02-06,1.313,0.0516929133858268,Feb 2017,2,2017,"JFM"
"1233",2017-02-11,1.254,0.0493700787401575,Feb 2017,2,2017,"JFM"
"1234",2017-02-16,2.702,0.106377952755906,Feb 2017,2,2017,"JFM"
"1235",2017-02-21,1.484,0.0584251968503937,Feb 2017,2,2017,"JFM"
"1236",2017-02-26,0.84,0.0330708661417323,Feb 2017,2,2017,"JFM"
"1237",2017-03-01,2.099,0.0826377952755906,Mar 2017,3,2017,"JFM"
"1238",2017-03-06,2.583,0.101692913385827,Mar 2017,3,2017,"JFM"
"1239",2017-03-11,1.241,0.0488582677165354,Mar 2017,3,2017,"JFM"
"1240",2017-03-16,1.223,0.0481496062992126,Mar 2017,3,2017,"JFM"
"1241",2017-03-21,1.181,0.046496062992126,Mar 2017,3,2017,"JFM"
"1242",2017-03-26,1.329,0.0523228346456693,Mar 2017,3,2017,"JFM"
"1243",2017-04-01,2.859,0.11255905511811,Apr 2017,4,2017,"AMJ"
"1244",2017-04-06,0.567,0.0223228346456693,Apr 2017,4,2017,"AMJ"
"1245",2017-04-11,0.488,0.0192125984251969,Apr 2017,4,2017,"AMJ"
"1246",2017-04-16,0.453,0.0178346456692913,Apr 2017,4,2017,"AMJ"
"1247",2017-04-21,0.798,0.0314173228346457,Apr 2017,4,2017,"AMJ"
"1248",2017-04-26,1.424,0.0560629921259842,Apr 2017,4,2017,"AMJ"
"1249",2017-05-01,1.706,0.0671653543307087,May 2017,5,2017,"AMJ"
"1250",2017-05-06,3.345,0.131692913385827,May 2017,5,2017,"AMJ"
"1251",2017-05-11,0.81,0.0318897637795276,May 2017,5,2017,"AMJ"
"1252",2017-05-16,3.759,0.147992125984252,May 2017,5,2017,"AMJ"
"1253",2017-05-21,2.341,0.0921653543307087,May 2017,5,2017,"AMJ"
"1254",2017-05-26,15.978,0.629055118110236,May 2017,5,2017,"AMJ"
"1255",2017-06-01,3.692,0.145354330708661,Jun 2017,6,2017,"AMJ"
"1256",2017-06-06,15.014,0.591102362204724,Jun 2017,6,2017,"AMJ"
"1257",2017-06-11,5.8,0.228346456692913,Jun 2017,6,2017,"AMJ"
"1258",2017-06-16,33.431,1.3161811023622,Jun 2017,6,2017,"AMJ"
"1259",2017-06-21,6.488,0.255433070866142,Jun 2017,6,2017,"AMJ"
"1260",2017-06-26,122.48,4.82204724409449,Jun 2017,6,2017,"AMJ"
"1261",2017-07-01,47.13,1.85551181102362,Jul 2017,7,2017,"JAS"
"1262",2017-07-06,17.015,0.66988188976378,Jul 2017,7,2017,"JAS"
"1263",2017-07-11,22.516,0.886456692913386,Jul 2017,7,2017,"JAS"
"1264",2017-07-16,36.377,1.43216535433071,Jul 2017,7,2017,"JAS"
"1265",2017-07-21,19.881,0.782716535433071,Jul 2017,7,2017,"JAS"
"1266",2017-07-26,23.098,0.909370078740158,Jul 2017,7,2017,"JAS"
"1267",2017-08-01,23.952,0.942992125984252,Aug 2017,8,2017,"JAS"
"1268",2017-08-06,55.22,2.1740157480315,Aug 2017,8,2017,"JAS"
"1269",2017-08-11,7.446,0.293149606299213,Aug 2017,8,2017,"JAS"
"1270",2017-08-16,33.72,1.32755905511811,Aug 2017,8,2017,"JAS"
"1271",2017-08-21,37.777,1.48728346456693,Aug 2017,8,2017,"JAS"
"1272",2017-08-26,38.869,1.53027559055118,Aug 2017,8,2017,"JAS"
"1273",2017-09-01,26.655,1.0494094488189,Sep 2017,9,2017,"JAS"
"1274",2017-09-06,8.037,0.316417322834646,Sep 2017,9,2017,"JAS"
"1275",2017-09-11,10.016,0.394330708661417,Sep 2017,9,2017,"JAS"
"1276",2017-09-16,11.102,0.437086614173228,Sep 2017,9,2017,"JAS"
"1277",2017-09-21,78.404,3.08677165354331,Sep 2017,9,2017,"JAS"
"1278",2017-09-26,9.233,0.363503937007874,Sep 2017,9,2017,"JAS"
"1279",2017-10-01,1.435,0.056496062992126,Oct 2017,10,2017,"OND"
"1280",2017-10-06,1.471,0.0579133858267717,Oct 2017,10,2017,"OND"
"1281",2017-10-11,1.757,0.0691732283464567,Oct 2017,10,2017,"OND"
"1282",2017-10-16,1.741,0.0685433070866142,Oct 2017,10,2017,"OND"
"1283",2017-10-21,1.869,0.0735826771653543,Oct 2017,10,2017,"OND"
"1284",2017-10-26,2.018,0.0794488188976378,Oct 2017,10,2017,"OND"
"1285",2017-11-01,1.219,0.047992125984252,Nov 2017,11,2017,"OND"
"1286",2017-11-06,0.725,0.0285433070866142,Nov 2017,11,2017,"OND"
"1287",2017-11-11,0.377,0.0148425196850394,Nov 2017,11,2017,"OND"
"1288",2017-11-16,0.283,0.0111417322834646,Nov 2017,11,2017,"OND"
"1289",2017-11-21,0.347,0.0136614173228346,Nov 2017,11,2017,"OND"
"1290",2017-11-26,0.535,0.0210629921259843,Nov 2017,11,2017,"OND"
"1291",2017-12-01,0.941,0.0370472440944882,Dec 2017,12,2017,"OND"
"1292",2017-12-06,0.81,0.0318897637795276,Dec 2017,12,2017,"OND"
"1293",2017-12-11,1.398,0.0550393700787402,Dec 2017,12,2017,"OND"
"1294",2017-12-16,0.875,0.0344488188976378,Dec 2017,12,2017,"OND"
"1295",2017-12-21,0.772,0.0303937007874016,Dec 2017,12,2017,"OND"
"1296",2017-12-26,1.143,0.045,Dec 2017,12,2017,"OND"
"1297",2018-01-01,2.227,0.0876771653543307,Jan 2018,1,2018,"JFM"
"1298",2018-01-06,2.253,0.0887007874015748,Jan 2018,1,2018,"JFM"
"1299",2018-01-11,2.193,0.0863385826771654,Jan 2018,1,2018,"JFM"
"1300",2018-01-16,2.156,0.0848818897637795,Jan 2018,1,2018,"JFM"
"1301",2018-01-21,3.011,0.118543307086614,Jan 2018,1,2018,"JFM"
"1302",2018-01-26,2.099,0.0826377952755906,Jan 2018,1,2018,"JFM"
"1303",2018-02-01,2.048,0.0806299212598425,Feb 2018,2,2018,"JFM"
"1304",2018-02-06,2.082,0.0819685039370079,Feb 2018,2,2018,"JFM"
"1305",2018-02-11,3.121,0.122874015748032,Feb 2018,2,2018,"JFM"
"1306",2018-02-16,1.384,0.054488188976378,Feb 2018,2,2018,"JFM"
"1307",2018-02-21,2.333,0.0918503937007874,Feb 2018,2,2018,"JFM"
"1308",2018-02-26,0.806,0.0317322834645669,Feb 2018,2,2018,"JFM"
"1309",2018-03-01,1.816,0.071496062992126,Mar 2018,3,2018,"JFM"
"1310",2018-03-06,0.82,0.0322834645669291,Mar 2018,3,2018,"JFM"
"1311",2018-03-11,0.828,0.0325984251968504,Mar 2018,3,2018,"JFM"
"1312",2018-03-16,0.975,0.0383858267716535,Mar 2018,3,2018,"JFM"
"1313",2018-03-21,0.981,0.0386220472440945,Mar 2018,3,2018,"JFM"
"1314",2018-03-26,0.989,0.0389370078740158,Mar 2018,3,2018,"JFM"
"1315",2018-04-01,0.424,0.0166929133858268,Apr 2018,4,2018,"AMJ"
"1316",2018-04-06,4.129,0.16255905511811,Apr 2018,4,2018,"AMJ"
"1317",2018-04-11,1.724,0.0678740157480315,Apr 2018,4,2018,"AMJ"
"1318",2018-04-16,0.231,0.00909448818897638,Apr 2018,4,2018,"AMJ"
"1319",2018-04-21,0.262,0.0103149606299213,Apr 2018,4,2018,"AMJ"
"1320",2018-04-26,1.216,0.0478740157480315,Apr 2018,4,2018,"AMJ"
"1321",2018-05-01,7.749,0.30507874015748,May 2018,5,2018,"AMJ"
"1322",2018-05-06,3.854,0.151732283464567,May 2018,5,2018,"AMJ"
"1323",2018-05-11,3.513,0.138307086614173,May 2018,5,2018,"AMJ"
"1324",2018-05-16,0.648,0.0255118110236221,May 2018,5,2018,"AMJ"
"1325",2018-05-21,0.76,0.0299212598425197,May 2018,5,2018,"AMJ"
"1326",2018-05-26,1.45,0.0570866141732283,May 2018,5,2018,"AMJ"
"1327",2018-06-01,6.227,0.245157480314961,Jun 2018,6,2018,"AMJ"
"1328",2018-06-06,23.665,0.931692913385827,Jun 2018,6,2018,"AMJ"
"1329",2018-06-11,5.525,0.21751968503937,Jun 2018,6,2018,"AMJ"
"1330",2018-06-16,4.8,0.188976377952756,Jun 2018,6,2018,"AMJ"
"1331",2018-06-21,3.315,0.130511811023622,Jun 2018,6,2018,"AMJ"
"1332",2018-06-26,38.902,1.53157480314961,Jun 2018,6,2018,"AMJ"
"1333",2018-07-01,34.93,1.3751968503937,Jul 2018,7,2018,"JAS"
"1334",2018-07-06,4.72,0.185826771653543,Jul 2018,7,2018,"JAS"
"1335",2018-07-11,49.43,1.94606299212598,Jul 2018,7,2018,"JAS"
"1336",2018-07-16,39.237,1.54476377952756,Jul 2018,7,2018,"JAS"
"1337",2018-07-21,74.173,2.9201968503937,Jul 2018,7,2018,"JAS"
"1338",2018-07-26,95.5,3.75984251968504,Jul 2018,7,2018,"JAS"
"1339",2018-08-01,60.482,2.3811811023622,Aug 2018,8,2018,"JAS"
"1340",2018-08-06,26.584,1.04661417322835,Aug 2018,8,2018,"JAS"
"1341",2018-08-11,66.354,2.61236220472441,Aug 2018,8,2018,"JAS"
"1342",2018-08-16,57.172,2.25086614173228,Aug 2018,8,2018,"JAS"
"1343",2018-08-21,74.402,2.9292125984252,Aug 2018,8,2018,"JAS"
"1344",2018-08-26,143.639,5.65507874015748,Aug 2018,8,2018,"JAS"
"1345",2018-09-01,64.257,2.5298031496063,Sep 2018,9,2018,"JAS"
"1346",2018-09-06,44.341,1.74570866141732,Sep 2018,9,2018,"JAS"
"1347",2018-09-11,14.257,0.561299212598425,Sep 2018,9,2018,"JAS"
"1348",2018-09-16,4.167,0.164055118110236,Sep 2018,9,2018,"JAS"
"1349",2018-09-21,80.548,3.17118110236221,Sep 2018,9,2018,"JAS"
"1350",2018-09-26,9.166,0.360866141732283,Sep 2018,9,2018,"JAS"
"1351",2018-10-01,1.39,0.0547244094488189,Oct 2018,10,2018,"OND"
"1352",2018-10-06,1.418,0.0558267716535433,Oct 2018,10,2018,"OND"
"1353",2018-10-11,1.845,0.0726377952755906,Oct 2018,10,2018,"OND"
"1354",2018-10-16,3.228,0.127086614173228,Oct 2018,10,2018,"OND"
"1355",2018-10-21,1.671,0.0657874015748032,Oct 2018,10,2018,"OND"
"1356",2018-10-26,1.803,0.0709842519685039,Oct 2018,10,2018,"OND"
"1357",2018-11-01,1.301,0.0512204724409449,Nov 2018,11,2018,"OND"
"1358",2018-11-06,0.71,0.0279527559055118,Nov 2018,11,2018,"OND"
"1359",2018-11-11,0.427,0.0168110236220472,Nov 2018,11,2018,"OND"
"1360",2018-11-16,0.311,0.012244094488189,Nov 2018,11,2018,"OND"
"1361",2018-11-21,0.333,0.0131102362204724,Nov 2018,11,2018,"OND"
"1362",2018-11-26,0.896,0.0352755905511811,Nov 2018,11,2018,"OND"
"1363",2018-12-01,0.763,0.0300393700787402,Dec 2018,12,2018,"OND"
"1364",2018-12-06,0.877,0.0345275590551181,Dec 2018,12,2018,"OND"
"1365",2018-12-11,1.093,0.0430314960629921,Dec 2018,12,2018,"OND"
"1366",2018-12-16,0.86,0.0338582677165354,Dec 2018,12,2018,"OND"
"1367",2018-12-21,0.838,0.032992125984252,Dec 2018,12,2018,"OND"
"1368",2018-12-26,1.249,0.0491732283464567,Dec 2018,12,2018,"OND"
"1369",2019-01-01,4.445,0.175,Jan 2019,1,2019,"JFM"
"1370",2019-01-06,3.785,0.149015748031496,Jan 2019,1,2019,"JFM"
"1371",2019-01-11,4.861,0.191377952755906,Jan 2019,1,2019,"JFM"
"1372",2019-01-16,4.115,0.162007874015748,Jan 2019,1,2019,"JFM"
"1373",2019-01-21,16.571,0.65240157480315,Jan 2019,1,2019,"JFM"
"1374",2019-01-26,3.377,0.132952755905512,Jan 2019,1,2019,"JFM"
"1375",2019-02-01,2.151,0.0846850393700787,Feb 2019,2,2019,"JFM"
"1376",2019-02-06,8.848,0.348346456692913,Feb 2019,2,2019,"JFM"
"1377",2019-02-11,10.293,0.405236220472441,Feb 2019,2,2019,"JFM"
"1378",2019-02-16,14.453,0.569015748031496,Feb 2019,2,2019,"JFM"
"1379",2019-02-21,3.928,0.154645669291339,Feb 2019,2,2019,"JFM"
"1380",2019-02-26,2.501,0.0984645669291339,Feb 2019,2,2019,"JFM"
"1381",2019-03-01,9.994,0.393464566929134,Mar 2019,3,2019,"JFM"
"1382",2019-03-06,0.952,0.0374803149606299,Mar 2019,3,2019,"JFM"
"1383",2019-03-11,5.206,0.20496062992126,Mar 2019,3,2019,"JFM"
"1384",2019-03-16,1.204,0.0474015748031496,Mar 2019,3,2019,"JFM"
"1385",2019-03-21,1.12,0.0440944881889764,Mar 2019,3,2019,"JFM"
"1386",2019-03-26,3.388,0.133385826771654,Mar 2019,3,2019,"JFM"
"1387",2019-04-01,1.234,0.0485826771653543,Apr 2019,4,2019,"AMJ"
"1388",2019-04-06,2.706,0.106535433070866,Apr 2019,4,2019,"AMJ"
"1389",2019-04-11,0.697,0.0274409448818898,Apr 2019,4,2019,"AMJ"
"1390",2019-04-16,4.747,0.186889763779528,Apr 2019,4,2019,"AMJ"
"1391",2019-04-21,0.35,0.0137795275590551,Apr 2019,4,2019,"AMJ"
"1392",2019-04-26,0.393,0.0154724409448819,Apr 2019,4,2019,"AMJ"
"1393",2019-05-01,0.724,0.028503937007874,May 2019,5,2019,"AMJ"
"1394",2019-05-06,0.991,0.0390157480314961,May 2019,5,2019,"AMJ"
"1395",2019-05-11,5.548,0.218425196850394,May 2019,5,2019,"AMJ"
"1396",2019-05-16,3.11,0.12244094488189,May 2019,5,2019,"AMJ"
"1397",2019-05-21,4.22,0.166141732283465,May 2019,5,2019,"AMJ"
"1398",2019-05-26,1.058,0.0416535433070866,May 2019,5,2019,"AMJ"
"1399",2019-06-01,3.04,0.119685039370079,Jun 2019,6,2019,"AMJ"
"1400",2019-06-06,5.001,0.196889763779528,Jun 2019,6,2019,"AMJ"
"1401",2019-06-11,6.184,0.243464566929134,Jun 2019,6,2019,"AMJ"
"1402",2019-06-16,8.606,0.338818897637795,Jun 2019,6,2019,"AMJ"
"1403",2019-06-21,7.78,0.306299212598425,Jun 2019,6,2019,"AMJ"
"1404",2019-06-26,5.83,0.229527559055118,Jun 2019,6,2019,"AMJ"
"1405",2019-07-01,25.728,1.01291338582677,Jul 2019,7,2019,"JAS"
"1406",2019-07-06,28.666,1.12858267716535,Jul 2019,7,2019,"JAS"
"1407",2019-07-11,21.591,0.85003937007874,Jul 2019,7,2019,"JAS"
"1408",2019-07-16,21.127,0.831771653543307,Jul 2019,7,2019,"JAS"
"1409",2019-07-21,54.148,2.13181102362205,Jul 2019,7,2019,"JAS"
"1410",2019-07-26,42.975,1.69192913385827,Jul 2019,7,2019,"JAS"
"1411",2019-08-01,19.15,0.753937007874016,Aug 2019,8,2019,"JAS"
"1412",2019-08-06,29.417,1.15814960629921,Aug 2019,8,2019,"JAS"
"1413",2019-08-11,50.066,1.97110236220472,Aug 2019,8,2019,"JAS"
"1414",2019-08-16,41.937,1.65106299212598,Aug 2019,8,2019,"JAS"
"1415",2019-08-21,33.013,1.29972440944882,Aug 2019,8,2019,"JAS"
"1416",2019-08-26,10.716,0.421889763779528,Aug 2019,8,2019,"JAS"
"1417",2019-09-01,38.947,1.53334645669291,Sep 2019,9,2019,"JAS"
"1418",2019-09-06,14.088,0.554645669291339,Sep 2019,9,2019,"JAS"
"1419",2019-09-11,9.656,0.380157480314961,Sep 2019,9,2019,"JAS"
"1420",2019-09-16,7.471,0.294133858267717,Sep 2019,9,2019,"JAS"
"1421",2019-09-21,26.264,1.0340157480315,Sep 2019,9,2019,"JAS"
"1422",2019-09-26,22.688,0.893228346456693,Sep 2019,9,2019,"JAS"
"1423",2019-10-01,8.813,0.346968503937008,Oct 2019,10,2019,"OND"
"1424",2019-10-06,2.405,0.0946850393700787,Oct 2019,10,2019,"OND"
"1425",2019-10-11,2.648,0.104251968503937,Oct 2019,10,2019,"OND"
"1426",2019-10-16,3.713,0.146181102362205,Oct 2019,10,2019,"OND"
"1427",2019-10-21,2.993,0.117834645669291,Oct 2019,10,2019,"OND"
"1428",2019-10-26,3.036,0.119527559055118,Oct 2019,10,2019,"OND"
"1429",2019-11-01,2.014,0.0792913385826772,Nov 2019,11,2019,"OND"
"1430",2019-11-06,1.71,0.0673228346456693,Nov 2019,11,2019,"OND"
"1431",2019-11-11,0.819,0.032244094488189,Nov 2019,11,2019,"OND"
"1432",2019-11-16,0.422,0.0166141732283465,Nov 2019,11,2019,"OND"
"1433",2019-11-21,1.276,0.0502362204724409,Nov 2019,11,2019,"OND"
"1434",2019-11-26,1.838,0.0723622047244095,Nov 2019,11,2019,"OND"
"1435",2019-12-01,1.844,0.0725984251968504,Dec 2019,12,2019,"OND"
"1436",2019-12-06,2.16,0.0850393700787402,Dec 2019,12,2019,"OND"
"1437",2019-12-11,9.285,0.365551181102362,Dec 2019,12,2019,"OND"
"1438",2019-12-16,2.065,0.0812992125984252,Dec 2019,12,2019,"OND"
"1439",2019-12-21,2.012,0.0792125984251969,Dec 2019,12,2019,"OND"
"1440",2019-12-26,2.881,0.113425196850394,Dec 2019,12,2019,"OND"
"1441",2020-01-01,3.416,0.134488188976378,Jan 2020,1,2020,"JFM"
"1442",2020-01-06,13.278,0.522755905511811,Jan 2020,1,2020,"JFM"
"1443",2020-01-11,5.978,0.235354330708661,Jan 2020,1,2020,"JFM"
"1444",2020-01-16,4.25,0.167322834645669,Jan 2020,1,2020,"JFM"
"1445",2020-01-21,2.453,0.0965748031496063,Jan 2020,1,2020,"JFM"
"1446",2020-01-26,8.705,0.342716535433071,Jan 2020,1,2020,"JFM"
"1447",2020-02-01,2.233,0.0879133858267717,Feb 2020,2,2020,"JFM"
"1448",2020-02-06,2.001,0.0787795275590551,Feb 2020,2,2020,"JFM"
"1449",2020-02-11,2.065,0.0812992125984252,Feb 2020,2,2020,"JFM"
"1450",2020-02-16,6.835,0.269094488188976,Feb 2020,2,2020,"JFM"
"1451",2020-02-21,4.063,0.15996062992126,Feb 2020,2,2020,"JFM"
"1452",2020-02-26,4.714,0.185590551181102,Feb 2020,2,2020,"JFM"
"1453",2020-03-01,13.723,0.540275590551181,Mar 2020,3,2020,"JFM"
"1454",2020-03-06,4.064,0.16,Mar 2020,3,2020,"JFM"
"1455",2020-03-11,13.275,0.522637795275591,Mar 2020,3,2020,"JFM"
"1456",2020-03-16,3.582,0.141023622047244,Mar 2020,3,2020,"JFM"
"1457",2020-03-21,10.572,0.416220472440945,Mar 2020,3,2020,"JFM"
"1458",2020-03-26,8.675,0.341535433070866,Mar 2020,3,2020,"JFM"
"1459",2020-04-01,1.392,0.0548031496062992,Apr 2020,4,2020,"AMJ"
"1460",2020-04-06,2.041,0.0803543307086614,Apr 2020,4,2020,"AMJ"
"1461",2020-04-11,1.149,0.0452362204724409,Apr 2020,4,2020,"AMJ"
"1462",2020-04-16,4.095,0.161220472440945,Apr 2020,4,2020,"AMJ"
"1463",2020-04-21,0.811,0.0319291338582677,Apr 2020,4,2020,"AMJ"
"1464",2020-04-26,2.731,0.10751968503937,Apr 2020,4,2020,"AMJ"
"1465",2020-05-01,10.826,0.426220472440945,May 2020,5,2020,"AMJ"
"1466",2020-05-06,4.384,0.17259842519685,May 2020,5,2020,"AMJ"
"1467",2020-05-11,2.176,0.0856692913385827,May 2020,5,2020,"AMJ"
"1468",2020-05-16,0.617,0.0242913385826772,May 2020,5,2020,"AMJ"
"1469",2020-05-21,0.68,0.0267716535433071,May 2020,5,2020,"AMJ"
"1470",2020-05-26,9.726,0.382913385826772,May 2020,5,2020,"AMJ"
"1471",2020-06-01,8.975,0.353346456692913,Jun 2020,6,2020,"AMJ"
"1472",2020-06-06,12.04,0.474015748031496,Jun 2020,6,2020,"AMJ"
"1473",2020-06-11,8.647,0.340433070866142,Jun 2020,6,2020,"AMJ"
"1474",2020-06-16,10.25,0.403543307086614,Jun 2020,6,2020,"AMJ"
"1475",2020-06-21,8.859,0.348779527559055,Jun 2020,6,2020,"AMJ"
"1476",2020-06-26,10.111,0.398070866141732,Jun 2020,6,2020,"AMJ"
"1477",2020-07-01,45.492,1.79102362204724,Jul 2020,7,2020,"JAS"
"1478",2020-07-06,27.976,1.10141732283465,Jul 2020,7,2020,"JAS"
"1479",2020-07-11,7.978,0.314094488188976,Jul 2020,7,2020,"JAS"
"1480",2020-07-16,48.342,1.90322834645669,Jul 2020,7,2020,"JAS"
"1481",2020-07-21,23.977,0.943976377952756,Jul 2020,7,2020,"JAS"
"1482",2020-07-26,54.888,2.16094488188976,Jul 2020,7,2020,"JAS"
"1483",2020-08-01,21.351,0.840590551181102,Aug 2020,8,2020,"JAS"
"1484",2020-08-06,23.634,0.930472440944882,Aug 2020,8,2020,"JAS"
"1485",2020-08-11,46.525,1.83169291338583,Aug 2020,8,2020,"JAS"
"1486",2020-08-16,94.94,3.73779527559055,Aug 2020,8,2020,"JAS"
"1487",2020-08-21,4.67,0.183858267716535,Aug 2020,8,2020,"JAS"
"1488",2020-08-26,27.067,1.06562992125984,Aug 2020,8,2020,"JAS"
"1489",2020-09-01,16.93,0.666535433070866,Sep 2020,9,2020,"JAS"
"1490",2020-09-06,18.462,0.726850393700787,Sep 2020,9,2020,"JAS"
"1491",2020-09-11,7.33,0.288582677165354,Sep 2020,9,2020,"JAS"
"1492",2020-09-16,6.798,0.267637795275591,Sep 2020,9,2020,"JAS"
"1493",2020-09-21,18.518,0.729055118110236,Sep 2020,9,2020,"JAS"
"1494",2020-09-26,8.295,0.326574803149606,Sep 2020,9,2020,"JAS"
"1495",2020-10-01,1.361,0.0535826771653543,Oct 2020,10,2020,"OND"
"1496",2020-10-06,1.395,0.0549212598425197,Oct 2020,10,2020,"OND"
"1497",2020-10-11,1.664,0.0655118110236221,Oct 2020,10,2020,"OND"
"1498",2020-10-16,1.669,0.0657086614173228,Oct 2020,10,2020,"OND"
"1499",2020-10-21,1.809,0.0712204724409449,Oct 2020,10,2020,"OND"
"1500",2020-10-26,1.911,0.075236220472441,Oct 2020,10,2020,"OND"
"1501",2020-11-01,1.695,0.0667322834645669,Nov 2020,11,2020,"OND"
"1502",2020-11-06,1.007,0.0396456692913386,Nov 2020,11,2020,"OND"
"1503",2020-11-11,0.521,0.0205118110236221,Nov 2020,11,2020,"OND"
"1504",2020-11-16,0.701,0.0275984251968504,Nov 2020,11,2020,"OND"
"1505",2020-11-21,0.586,0.0230708661417323,Nov 2020,11,2020,"OND"
"1506",2020-11-26,0.894,0.0351968503937008,Nov 2020,11,2020,"OND"
"1507",2020-12-01,0.685,0.0269685039370079,Dec 2020,12,2020,"OND"
"1508",2020-12-06,0.78,0.0307086614173228,Dec 2020,12,2020,"OND"
"1509",2020-12-11,1.203,0.0473622047244095,Dec 2020,12,2020,"OND"
"1510",2020-12-16,0.765,0.0301181102362205,Dec 2020,12,2020,"OND"
"1511",2020-12-21,0.741,0.0291732283464567,Dec 2020,12,2020,"OND"
"1512",2020-12-26,1.289,0.050748031496063,Dec 2020,12,2020,"OND"
